Protocollo;Gruppo;DataOraIncidente;Localizzazione1;STRADA1;Localizzazione2;STRADA2;Strada02;Chilometrica;DaSpecificare;NaturaIncidente;particolaritastrade;TipoStrada;FondoStradale;Pavimentazione;Segnaletica;CondizioneAtmosferica;Traffico;Visibilita;Illuminazione;NUM_FERITI;NUM_RISERVATA;NUM_MORTI;NUM_ILLESI;Longitudine;Latitudine;Confermato;Progressivo;TipoVeicolo;StatoVeicolo;TipoPersona;Sesso;Tipolesione;Deceduto;DecedutoDopo;CinturaCascoUtilizzato;Airbag
1701786;4;12/11/2006 03:10;Strada Urbana;VIADOTTO GIOVANNI GRONCHI;da specificare;;;;altezza uscita via V. Talli;Veicolo in marcia contro ostacolo fisso;Rettilineo;Una carreggiata a senso unico di marcia;Asciutto;Asfaltata;Verticale ed orizzontale;Sereno;Scarso;Buona;Sufficiente;0;0;0;2;;;-1;1;Autovettura privata;In marcia / fermata / arresto;Conducente;M;Illeso;0;;Utilizzato;Inesistente
1701786;4;12/11/2006 03:10;Strada Urbana;VIADOTTO GIOVANNI GRONCHI;da specificare;;;;altezza uscita via V. Talli;Veicolo in marcia contro ostacolo fisso;Rettilineo;Una carreggiata a senso unico di marcia;Asciutto;Asfaltata;Verticale ed orizzontale;Sereno;Scarso;Buona;Sufficiente;0;0;0;2;;;-1;1;Autovettura privata;In marcia / fermata / arresto;Passeggero;F;Illeso;0;;Non accertato;Inesistente
1701787;4;12/11/2006 09:45;Strada Urbana;VIA GARGANO;in corrispondenza;;del civico n. ;28;;Investimento di pedone;Rettilineo;Una carreggiata a doppio senso;Bagnato (pioggia);Asfaltata;Orizzontale;Pioggia in atto;Normale;Buona;Ore Diurne;0;1;1;0;;;-1;;;;Pedone;M;Prognosi riservata;0;DECEDUTO ENTRO 15 GIORNI;;
1701787;4;12/11/2006 09:45;Strada Urbana;VIA GARGANO;in corrispondenza;;del civico n. ;28;;Investimento di pedone;Rettilineo;Una carreggiata a doppio senso;Bagnato (pioggia);Asfaltata;Orizzontale;Pioggia in atto;Normale;Buona;Ore Diurne;0;1;1;0;;;-1;1;Autovettura privata;In marcia / fermata / arresto;Conducente;M;Illeso;0;;Utilizzato;Inesploso
1701788;4;12/11/2006 17:00;Strada Urbana;VIA DELLA BUFALOTTA;in prossimità;;del civico n. ;175;;Investimento di pedone;Rettilineo;Una carreggiata a doppio senso;Bagnato (umidità in atto);Asfaltata;Verticale ed orizzontale;Nuvoloso;Normale;Buona;Sufficiente;1;0;0;1;;;-1;;;;Pedone;F;Rimandato;0;NON DECEDUTO;;
1701788;4;12/11/2006 17:00;Strada Urbana;VIA DELLA BUFALOTTA;in prossimità;;del civico n. ;175;;Investimento di pedone;Rettilineo;Una carreggiata a doppio senso;Bagnato (umidità in atto);Asfaltata;Verticale ed orizzontale;Nuvoloso;Normale;Buona;Sufficiente;1;0;0;1;;;-1;1;Motociclo a solo;In marcia / fermata / arresto;Conducente;M;Illeso;0;;Non accertato;Inesistente
1701789;4;12/11/2006 22:40;Strada Urbana;VIA NOMENTANA;all'intersezione con;VIA VAL BREMBANA;VIA VAL BREMBANA;;;Scontro frontale/laterale DX fra veicoli in marcia;Incrocio;Una carreggiata a doppio senso;Bagnato (umidità in atto);Asfaltata;Verticale ed orizzontale;Sereno;Normale;Buona;Sufficiente;0;0;0;2;;;-1;1;Autovettura privata;In marcia / fermata / arresto;Conducente;M;Illeso;0;;Non accertato;Inesistente
1701789;4;12/11/2006 22:40;Strada Urbana;VIA NOMENTANA;all'intersezione con;VIA VAL BREMBANA;VIA VAL BREMBANA;;;Scontro frontale/laterale DX fra veicoli in marcia;Incrocio;Una carreggiata a doppio senso;Bagnato (umidità in atto);Asfaltata;Verticale ed orizzontale;Sereno;Normale;Buona;Sufficiente;0;0;0;2;;;-1;2;Motociclo a solo;In marcia / fermata / arresto;Conducente;M;Illeso;0;;Non accertato;Inesistente
1701790;4;13/11/2006 00:10;Strada Urbana;VIA SALARIA;all'intersezione con;RACCORDO SALARIO SETTEBAGNI;RACCORDO SALARIO SETTEBAGNI;;;Scontro laterale fra veicoli in marcia;Rotatoria;Due carreggiate;Bagnato (umidità in atto);Asfaltata;Assente;Nebbia;Scarso;Sufficiente;Sufficiente;0;0;0;3;;;-1;1;Autovettura privata;In marcia / fermata / arresto;Conducente;F;Illeso;0;;Non accertato;Inesistente
1701790;4;13/11/2006 00:10;Strada Urbana;VIA SALARIA;all'intersezione con;RACCORDO SALARIO SETTEBAGNI;RACCORDO SALARIO SETTEBAGNI;;;Scontro laterale fra veicoli in marcia;Rotatoria;Due carreggiate;Bagnato (umidità in atto);Asfaltata;Assente;Nebbia;Scarso;Sufficiente;Sufficiente;0;0;0;3;;;-1;2;Autovettura privata;In marcia / fermata / arresto;Conducente;F;Illeso;0;;Non accertato;Inesistente
1701790;4;13/11/2006 00:10;Strada Urbana;VIA SALARIA;all'intersezione con;RACCORDO SALARIO SETTEBAGNI;RACCORDO SALARIO SETTEBAGNI;;;Scontro laterale fra veicoli in marcia;Rotatoria;Due carreggiate;Bagnato (umidità in atto);Asfaltata;Assente;Nebbia;Scarso;Sufficiente;Sufficiente;0;0;0;3;;;-1;2;Autovettura privata;In marcia / fermata / arresto;Passeggero;F;Illeso;0;;Non accertato;Inesistente
1701791;4;13/11/2006 08:45;Strada Urbana;VIA DELLE VIGNE NUOVE;in prossimità;;del civico n. ;66;;Tamponamento Multiplo;Rettilineo;Una carreggiata a doppio senso;Asciutto;Asfaltata;Orizzontale;Nuvoloso;Normale;Buona;Ore Diurne;1;0;0;4;;;-1;1;Autovettura privata;In marcia / fermata / arresto;Conducente;M;Illeso;0;;Non accertato;Inesistente
1701791;4;13/11/2006 08:45;Strada Urbana;VIA DELLE VIGNE NUOVE;in prossimità;;del civico n. ;66;;Tamponamento Multiplo;Rettilineo;Una carreggiata a doppio senso;Asciutto;Asfaltata;Orizzontale;Nuvoloso;Normale;Buona;Ore Diurne;1;0;0;4;;;-1;2;Autovettura privata;In marcia / fermata / arresto;Conducente;F;Rimandato;0;NON DECEDUTO;Non accertato;Inesistente
1701791;4;13/11/2006 08:45;Strada Urbana;VIA DELLE VIGNE NUOVE;in prossimità;;del civico n. ;66;;Tamponamento Multiplo;Rettilineo;Una carreggiata a doppio senso;Asciutto;Asfaltata;Orizzontale;Nuvoloso;Normale;Buona;Ore Diurne;1;0;0;4;;;-1;3;Autocarro inferiore 35 q.;In marcia / fermata / arresto;Passeggero;M;Illeso;0;;Non accertato;Inesistente
1701791;4;13/11/2006 08:45;Strada Urbana;VIA DELLE VIGNE NUOVE;in prossimità;;del civico n. ;66;;Tamponamento Multiplo;Rettilineo;Una carreggiata a doppio senso;Asciutto;Asfaltata;Orizzontale;Nuvoloso;Normale;Buona;Ore Diurne;1;0;0;4;;;-1;3;Autocarro inferiore 35 q.;In marcia / fermata / arresto;Passeggero;M;Illeso;0;;Non accertato;Inesistente
1701791;4;13/11/2006 08:45;Strada Urbana;VIA DELLE VIGNE NUOVE;in prossimità;;del civico n. ;66;;Tamponamento Multiplo;Rettilineo;Una carreggiata a doppio senso;Asciutto;Asfaltata;Orizzontale;Nuvoloso;Normale;Buona;Ore Diurne;1;0;0;4;;;-1;3;Autocarro inferiore 35 q.;In marcia / fermata / arresto;Conducente;M;Illeso;0;;Non accertato;Inesistente
1701792;4;13/11/2006 10:30;Strada Urbana;VIA IVANOE BONOMI;da specificare;;;;pross. via Gentiloni;Tamponamento;Rettilineo;Una carreggiata a senso unico di marcia;Asciutto;Asfaltata;Assente;Sereno;Normale;Buona;Ore Diurne;0;0;0;3;;;-1;1;Autovettura privata;In marcia / fermata / arresto;Conducente;M;Illeso;0;;Non accertato;Inesistente
1701792;4;13/11/2006 10:30;Strada Urbana;VIA IVANOE BONOMI;da specificare;;;;pross. via Gentiloni;Tamponamento;Rettilineo;Una carreggiata a senso unico di marcia;Asciutto;Asfaltata;Assente;Sereno;Normale;Buona;Ore Diurne;0;0;0;3;;;-1;2;Autovettura di polizia;In marcia / fermata / arresto;Conducente;M;Illeso;0;;Non accertato;Inesistente
1701792;4;13/11/2006 10:30;Strada Urbana;VIA IVANOE BONOMI;da specificare;;;;pross. via Gentiloni;Tamponamento;Rettilineo;Una carreggiata a senso unico di marcia;Asciutto;Asfaltata;Assente;Sereno;Normale;Buona;Ore Diurne;0;0;0;3;;;-1;2;Autovettura di polizia;In marcia / fermata / arresto;Passeggero;M;Illeso;0;;Utilizzato;Inesistente
1701793;4;13/11/2006 11:35;Strada Urbana;PIAZZA MENENIO AGRIPPA;all'intersezione con;VIA MAIELLA;VIA MAIELLA;;;Investimento di pedone;Incrocio;Una carreggiata a senso unico di marcia;Asciutto;Asfaltata;Assente;Sereno;Normale;Buona;Ore Diurne;1;0;0;1;;;-1;;;;Pedone;M;Rimandato;0;NON DECEDUTO;;
1701793;4;13/11/2006 11:35;Strada Urbana;PIAZZA MENENIO AGRIPPA;all'intersezione con;VIA MAIELLA;VIA MAIELLA;;;Investimento di pedone;Incrocio;Una carreggiata a senso unico di marcia;Asciutto;Asfaltata;Assente;Sereno;Normale;Buona;Ore Diurne;1;0;0;1;;;-1;1;Autovettura privata;In marcia / fermata / arresto;Conducente;M;Illeso;0;;Non accertato;Inesistente
1701794;4;13/11/2006 19:10;Strada Urbana;PIAZZALE JONIO;da specificare;;;;rotatoria;Scontro frontale/laterale SX fra veicoli in marcia;Curva a visuale libera;Due carreggiate;Asciutto;Asfaltata;Verticale ed orizzontale;Sereno;Normale;Buona;Sufficiente;0;0;0;2;;;-1;1;Autovettura privata;In marcia / fermata / arresto;Conducente;M;Illeso;0;;Utilizzato;Inesploso
1701794;4;13/11/2006 19:10;Strada Urbana;PIAZZALE JONIO;da specificare;;;;rotatoria;Scontro frontale/laterale SX fra veicoli in marcia;Curva a visuale libera;Due carreggiate;Asciutto;Asfaltata;Verticale ed orizzontale;Sereno;Normale;Buona;Sufficiente;0;0;0;2;;;-1;2;Autovettura privata;In marcia / fermata / arresto;Conducente;M;Illeso;0;;Utilizzato;Inesploso
1701798;5;12/11/2006 01:00;Statale entro l'abitato;VIA TIBURTINA;in corrispondenza;;del civico n. ;1133;;Scontro frontale/laterale DX fra veicoli in marcia;Rettilineo;Una carreggiata a senso unico di marcia;Asciutto;Asfaltata;Verticale ed orizzontale;Sereno;Scarso;Buona;Sufficiente;0;0;0;2;;;0;1;Motociclo a solo;In marcia / fermata / arresto;Conducente;F;Illeso;0;;Non accertato;Inesistente
1701798;5;12/11/2006 01:00;Statale entro l'abitato;VIA TIBURTINA;in corrispondenza;;del civico n. ;1133;;Scontro frontale/laterale DX fra veicoli in marcia;Rettilineo;Una carreggiata a senso unico di marcia;Asciutto;Asfaltata;Verticale ed orizzontale;Sereno;Scarso;Buona;Sufficiente;0;0;0;2;;;0;2;Autovettura privata;In marcia / fermata / arresto;Conducente;M;Illeso;0;;Non accertato;Inesistente
1701799;5;12/11/2006 08:30;Strada Urbana;VIA DONATO MENICHELLA;all'intersezione con;VIA PIER SILVERIO LEICHT;VIA PIER SILVERIO LEICHT;;;Scontro frontale/laterale DX fra veicoli in marcia;Incrocio;Una carreggiata a senso unico di marcia;Bagnato (pioggia);Asfaltata;Verticale ed orizzontale;Pioggia in atto;Normale;Buona;Ore Diurne;0;0;0;2;;;-1;1;Autovettura privata;In marcia / fermata / arresto;Conducente;M;Illeso;0;;Non utilizzato;Inesistente
1701799;5;12/11/2006 08:30;Strada Urbana;VIA DONATO MENICHELLA;all'intersezione con;VIA PIER SILVERIO LEICHT;VIA PIER SILVERIO LEICHT;;;Scontro frontale/laterale DX fra veicoli in marcia;Incrocio;Una carreggiata a senso unico di marcia;Bagnato (pioggia);Asfaltata;Verticale ed orizzontale;Pioggia in atto;Normale;Buona;Ore Diurne;0;0;0;2;;;-1;2;Autovettura privata;In marcia / fermata / arresto;Conducente;M;Illeso;0;;Non accertato;Inesistente
1701800;5;13/11/2006 17:45;Strada Urbana;VIALE PALMIRO TOGLIATTI;in prossimità;;del civico n. ;1505;;Scontro laterale fra veicoli in marcia;Rettilineo;Una carreggiata a doppio senso;Asciutto;Asfaltata;Verticale ed orizzontale;Sereno;Intenso;Buona;Sufficiente;0;0;0;4;;;-1;1;Autovettura privata;In marcia / fermata / arresto;Conducente;M;Illeso;0;;Non accertato;Inesistente
1701800;5;13/11/2006 17:45;Strada Urbana;VIALE PALMIRO TOGLIATTI;in prossimità;;del civico n. ;1505;;Scontro laterale fra veicoli in marcia;Rettilineo;Una carreggiata a doppio senso;Asciutto;Asfaltata;Verticale ed orizzontale;Sereno;Intenso;Buona;Sufficiente;0;0;0;4;;;-1;1;Autovettura privata;In marcia / fermata / arresto;Passeggero;F;Illeso;0;;Non accertato;Inesistente
1701800;5;13/11/2006 17:45;Strada Urbana;VIALE PALMIRO TOGLIATTI;in prossimità;;del civico n. ;1505;;Scontro laterale fra veicoli in marcia;Rettilineo;Una carreggiata a doppio senso;Asciutto;Asfaltata;Verticale ed orizzontale;Sereno;Intenso;Buona;Sufficiente;0;0;0;4;;;-1;2;Autovettura privata;In marcia / fermata / arresto;Conducente;M;Illeso;0;;Non accertato;Inesistente
1701800;5;13/11/2006 17:45;Strada Urbana;VIALE PALMIRO TOGLIATTI;in prossimità;;del civico n. ;1505;;Scontro laterale fra veicoli in marcia;Rettilineo;Una carreggiata a doppio senso;Asciutto;Asfaltata;Verticale ed orizzontale;Sereno;Intenso;Buona;Sufficiente;0;0;0;4;;;-1;2;Autovettura privata;In marcia / fermata / arresto;Passeggero;M;Illeso;0;;Non accertato;Inesistente
1701801;5;14/11/2006 07:15;Strada Urbana;VIA DI PIETRALATA;all'intersezione con;VIA PAN;VIA PAN;;;Investimento di pedone;Incrocio;Una carreggiata a doppio senso;Asciutto;Asfaltata;Verticale ed orizzontale;Sereno;Normale;Buona;Ore Diurne;1;0;0;1;;;-1;;;;Pedone;M;Rimandato;0;NON DECEDUTO;;
1701801;5;14/11/2006 07:15;Strada Urbana;VIA DI PIETRALATA;all'intersezione con;VIA PAN;VIA PAN;;;Investimento di pedone;Incrocio;Una carreggiata a doppio senso;Asciutto;Asfaltata;Verticale ed orizzontale;Sereno;Normale;Buona;Ore Diurne;1;0;0;1;;;-1;1;Autovettura privata;In marcia / fermata / arresto;Conducente;M;Illeso;0;;Non accertato;Inesploso
1701802;5;14/11/2006 13:40;Strada Urbana;VIA DEL CASALE DI S. BASILIO;all'intersezione con;VIA FILOTTRANO;VIA FILOTTRANO;;;Scontro laterale fra veicoli in marcia;Incrocio;Una carreggiata a doppio senso;Asciutto;Asfaltata;Orizzontale;Sereno;Normale;Buona;Ore Diurne;2;0;0;0;;;-1;1;Motociclo a solo;In marcia / fermata / arresto;Conducente;M;Rimandato;0;NON DECEDUTO;Non accertato;Inesistente
1701802;5;14/11/2006 13:40;Strada Urbana;VIA DEL CASALE DI S. BASILIO;all'intersezione con;VIA FILOTTRANO;VIA FILOTTRANO;;;Scontro laterale fra veicoli in marcia;Incrocio;Una carreggiata a doppio senso;Asciutto;Asfaltata;Orizzontale;Sereno;Normale;Buona;Ore Diurne;2;0;0;0;;;-1;2;Ciclomotore;In marcia / fermata / arresto;Conducente;M;Rimandato;0;NON DECEDUTO;Non accertato;Inesistente
1701803;5;14/11/2006 16:45;Strada Urbana;VIA LUIGI VITTORIO BERTARELLI;in prossimità;;del civico n. ;156;;Scontro laterale fra veicoli in marcia;Rettilineo;Una carreggiata a doppio senso;Asciutto;Asfaltata;Assente;Sereno;Normale;Sufficiente;Insufficiente;0;0;0;2;;;-1;1;Motociclo a solo;In marcia / fermata / arresto;Conducente;M;Illeso;0;;Non accertato;Inesistente
1701803;5;14/11/2006 16:45;Strada Urbana;VIA LUIGI VITTORIO BERTARELLI;in prossimità;;del civico n. ;156;;Scontro laterale fra veicoli in marcia;Rettilineo;Una carreggiata a doppio senso;Asciutto;Asfaltata;Assente;Sereno;Normale;Sufficiente;Insufficiente;0;0;0;2;;;-1;2;Autovettura privata;In marcia / fermata / arresto;Conducente;M;Illeso;0;;Non accertato;Inesistente
1701804;5;14/11/2006 17:30;Statale entro l'abitato;VIA TIBURTINA;all'intersezione con;VIA DI TOR CERVARA;VIA DI TOR CERVARA;;;Scontro frontale/laterale SX fra veicoli in marcia;Incrocio;Una carreggiata a doppio senso;Asciutto;Asfaltata;Verticale ed orizzontale;Sereno;Intenso;Buona;Sufficiente;0;0;0;2;;;-1;1;Motociclo a solo;In marcia / fermata / arresto;Conducente;M;Illeso;0;;Non accertato;Inesistente
1701804;5;14/11/2006 17:30;Statale entro l'abitato;VIA TIBURTINA;all'intersezione con;VIA DI TOR CERVARA;VIA DI TOR CERVARA;;;Scontro frontale/laterale SX fra veicoli in marcia;Incrocio;Una carreggiata a doppio senso;Asciutto;Asfaltata;Verticale ed orizzontale;Sereno;Intenso;Buona;Sufficiente;0;0;0;2;;;-1;2;Motociclo a solo;In marcia / fermata / arresto;Conducente;M;Illeso;0;;Non accertato;Inesistente
1701805;5;15/11/2006 13:30;Strada Urbana;VIALE BATTISTA BARDANZELLU;in corrispondenza;;del civico n. ;47;;Scontro frontale/laterale SX fra veicoli in marcia;Rettilineo;Due carreggiate;Asciutto;Asfaltata;Verticale ed orizzontale;Sereno;Scarso;Buona;Ore Diurne;1;0;0;1;;;-1;1;Autovettura privata;In marcia / fermata / arresto;Conducente;M;Illeso;0;;Non accertato;Inesploso
1701805;5;15/11/2006 13:30;Strada Urbana;VIALE BATTISTA BARDANZELLU;in corrispondenza;;del civico n. ;47;;Scontro frontale/laterale SX fra veicoli in marcia;Rettilineo;Due carreggiate;Asciutto;Asfaltata;Verticale ed orizzontale;Sereno;Scarso;Buona;Ore Diurne;1;0;0;1;;;-1;2;Motociclo a solo;In marcia / fermata / arresto;Conducente;M;Rifiuta cure immediate;0;NON DECEDUTO;Non accertato;Inesistente
1701806;6;11/11/2006 14:00;Strada Urbana;VIA COLLATINA;in corrispondenza;;del civico n. ;85;;Scontro laterale fra veicoli in marcia;Rettilineo;Una carreggiata a doppio senso;Asciutto;Asfaltata;Orizzontale;Sereno;Normale;Sufficiente;Ore Diurne;0;0;0;2;;;-1;1;Autovettura privata;In marcia / fermata / arresto;Conducente;F;Illeso;0;;Non accertato;Inesistente
1701806;6;11/11/2006 14:00;Strada Urbana;VIA COLLATINA;in corrispondenza;;del civico n. ;85;;Scontro laterale fra veicoli in marcia;Rettilineo;Una carreggiata a doppio senso;Asciutto;Asfaltata;Orizzontale;Sereno;Normale;Sufficiente;Ore Diurne;0;0;0;2;;;-1;2;Autovettura privata;In marcia / fermata / arresto;Conducente;F;Illeso;0;;Non accertato;Inesistente
1701807;6;14/11/2006 15:25;Strada Urbana;VIA DI PORTA FURBA;all'intersezione con;VIA DEGLI ANGELI;VIA DEGLI ANGELI;;;Scontro frontale/laterale DX fra veicoli in marcia;Incrocio;Una carreggiata a doppio senso;Asciutto;Asfaltata;Verticale ed orizzontale;Sereno;Intenso;Buona;Ore Diurne;1;0;0;1;;;-1;1;Autovettura privata;In marcia / fermata / arresto;Conducente;F;Illeso;0;;Utilizzato;Inesploso
1701807;6;14/11/2006 15:25;Strada Urbana;VIA DI PORTA FURBA;all'intersezione con;VIA DEGLI ANGELI;VIA DEGLI ANGELI;;;Scontro frontale/laterale DX fra veicoli in marcia;Incrocio;Una carreggiata a doppio senso;Asciutto;Asfaltata;Verticale ed orizzontale;Sereno;Intenso;Buona;Ore Diurne;1;0;0;1;;;-1;2;Motociclo a solo;In marcia / fermata / arresto;Conducente;M;Rimandato;0;NON DECEDUTO;Non accertato;Inesistente
1701808;6;15/11/2006 07:10;Strada Urbana;LARGO DELLA PRIMAVERA;all'intersezione con;VIA DEI GELSI;VIA DEI GELSI;;;Scontro frontale/laterale DX fra veicoli in marcia;Incrocio;Una carreggiata a doppio senso;Asciutto;Asfaltata;Assente;Sereno;Normale;Buona;Ore Diurne;0;0;0;2;;;-1;1;Autovettura privata;In marcia / fermata / arresto;Conducente;M;Illeso;0;;Utilizzato;Inesploso
1701808;6;15/11/2006 07:10;Strada Urbana;LARGO DELLA PRIMAVERA;all'intersezione con;VIA DEI GELSI;VIA DEI GELSI;;;Scontro frontale/laterale DX fra veicoli in marcia;Incrocio;Una carreggiata a doppio senso;Asciutto;Asfaltata;Assente;Sereno;Normale;Buona;Ore Diurne;0;0;0;2;;;-1;2;Autovettura privata;In marcia / fermata / arresto;Conducente;M;Illeso;0;;Utilizzato;Inesistente
1701809;6;15/11/2006 08:30;Strada Urbana;VIA NICOLO' FORTEGUERRI;in corrispondenza;;del civico n. ;4;;Veicolo in marcia contro veicolo fermo;Rettilineo;Una carreggiata a doppio senso;Asciutto;Asfaltata;Assente;Sereno;Normale;Buona;Ore Diurne;1;0;0;0;;;-1;2;Motociclo a solo;In marcia / fermata / arresto;Conducente;M;Rimandato;0;NON DECEDUTO;Utilizzato;Inesistente
1701810;6;15/11/2006 09:00;Strada Urbana;VIALE PARTENOPE;all'intersezione con;VIA FONTANAROSA;VIA FONTANAROSA;;;Scontro laterale fra veicoli in marcia;Incrocio;Due carreggiate;Asciutto;Asfaltata;Assente;Sereno;Normale;Buona;Ore Diurne;1;0;0;1;;;-1;1;Autovettura privata;In marcia / fermata / arresto;Conducente;F;Illeso;0;;Non accertato;Inesistente
1701810;6;15/11/2006 09:00;Strada Urbana;VIALE PARTENOPE;all'intersezione con;VIA FONTANAROSA;VIA FONTANAROSA;;;Scontro laterale fra veicoli in marcia;Incrocio;Due carreggiate;Asciutto;Asfaltata;Assente;Sereno;Normale;Buona;Ore Diurne;1;0;0;1;;;-1;2;Velocipede;In marcia / fermata / arresto;Conducente;M;Ricoverato;0;NON DECEDUTO;Non utilizzato;Inesistente
1701811;6;15/11/2006 09:45;Strada Urbana;PIAZZA ROBERTO MALATESTA;da specificare;;;;f.c. 33;Tamponamento;Rettilineo;Una carreggiata a senso unico di marcia;Asciutto;Asfaltata;Verticale ed orizzontale;Nuvoloso;Normale;Buona;Ore Diurne;0;0;0;2;;;-1;1;Autovettura privata;In marcia / fermata / arresto;Conducente;F;Illeso;0;;Utilizzato;Inesistente
1701811;6;15/11/2006 09:45;Strada Urbana;PIAZZA ROBERTO MALATESTA;da specificare;;;;f.c. 33;Tamponamento;Rettilineo;Una carreggiata a senso unico di marcia;Asciutto;Asfaltata;Verticale ed orizzontale;Nuvoloso;Normale;Buona;Ore Diurne;0;0;0;2;;;-1;2;Autovettura privata;In marcia / fermata / arresto;Conducente;F;Illeso;0;;Utilizzato;Inesistente
1701812;6;15/11/2006 11:45;Strada Urbana;PIAZZA DEI CONDOTTIERI;all'intersezione con;VIA DEL PIGNETO;VIA DEL PIGNETO;;;Scontro frontale/laterale DX fra veicoli in marcia;Incrocio;Una carreggiata a senso unico di marcia;Asciutto;Asfaltata;Verticale;Sereno;Scarso;Buona;Ore Diurne;0;0;0;2;;;-1;1;Autovettura privata;In marcia / fermata / arresto;Conducente;M;Illeso;0;;Utilizzato;Inesploso
1701812;6;15/11/2006 11:45;Strada Urbana;PIAZZA DEI CONDOTTIERI;all'intersezione con;VIA DEL PIGNETO;VIA DEL PIGNETO;;;Scontro frontale/laterale DX fra veicoli in marcia;Incrocio;Una carreggiata a senso unico di marcia;Asciutto;Asfaltata;Verticale;Sereno;Scarso;Buona;Ore Diurne;0;0;0;2;;;-1;2;Autovettura privata;In marcia / fermata / arresto;Conducente;F;Illeso;0;;Utilizzato;Inesploso
1701813;6;15/11/2006 14:50;Strada Urbana;VIA BRACCIO DA MONTONE;all'intersezione con;VIA FANFULLA DA LODI;VIA FANFULLA DA LODI;;;Scontro frontale/laterale SX fra veicoli in marcia;Incrocio;Una carreggiata a senso unico di marcia;Asciutto;Asfaltata;Verticale;Sereno;Scarso;Sufficiente;Ore Diurne;1;0;0;1;;;-1;1;Autovettura privata;In marcia / fermata / arresto;Conducente;M;Illeso;0;;Non accertato;Inesistente
1701813;6;15/11/2006 14:50;Strada Urbana;VIA BRACCIO DA MONTONE;all'intersezione con;VIA FANFULLA DA LODI;VIA FANFULLA DA LODI;;;Scontro frontale/laterale SX fra veicoli in marcia;Incrocio;Una carreggiata a senso unico di marcia;Asciutto;Asfaltata;Verticale;Sereno;Scarso;Sufficiente;Ore Diurne;1;0;0;1;;;-1;2;Autovettura privata;In marcia / fermata / arresto;Conducente;F;Rifiuta cure immediate;0;NON DECEDUTO;Non accertato;Inesistente
1701814;6;15/11/2006 15:20;Strada Urbana;VIA TOR DE' SCHIAVI;in prossimità;;del civico n. ;287;;Scontro laterale fra veicoli in marcia;Rettilineo;Due carreggiate;Asciutto;Asfaltata;Verticale ed orizzontale;Sereno;Normale;Buona;Ore Diurne;0;0;0;2;;;-1;1;Autovettura privata;In marcia / fermata / arresto;Conducente;M;Illeso;0;;Utilizzato;Inesistente
1701814;6;15/11/2006 15:20;Strada Urbana;VIA TOR DE' SCHIAVI;in prossimità;;del civico n. ;287;;Scontro laterale fra veicoli in marcia;Rettilineo;Due carreggiate;Asciutto;Asfaltata;Verticale ed orizzontale;Sereno;Normale;Buona;Ore Diurne;0;0;0;2;;;-1;1;Autovettura privata;In marcia / fermata / arresto;Passeggero;F;Illeso;0;;Utilizzato;Inesistente
1701815;6;15/11/2006 15:45;Strada Urbana;VIA ETTORE FIERAMOSCA;all'intersezione con;VIA STEFANO COLONNA;VIA STEFANO COLONNA;;;Scontro frontale/laterale SX fra veicoli in marcia;Incrocio;Una carreggiata a doppio senso;Asciutto;Asfaltata;Assente;Sereno;Intenso;Buona;Ore Diurne;1;0;0;1;;;-1;1;Motociclo a solo;In marcia / fermata / arresto;Conducente;M;Rimandato;0;NON DECEDUTO;Non accertato;Inesistente
1701815;6;15/11/2006 15:45;Strada Urbana;VIA ETTORE FIERAMOSCA;all'intersezione con;VIA STEFANO COLONNA;VIA STEFANO COLONNA;;;Scontro frontale/laterale SX fra veicoli in marcia;Incrocio;Una carreggiata a doppio senso;Asciutto;Asfaltata;Assente;Sereno;Intenso;Buona;Ore Diurne;1;0;0;1;;;-1;2;Autovettura privata;In marcia / fermata / arresto;Conducente;M;Illeso;0;;Non accertato;Inesploso
1701816;6;15/11/2006 16:40;Strada Urbana;VIA GABRIO SERBELLONI;all'intersezione con;VIA GALEAZZO ALESSI;VIA GALEAZZO ALESSI;;;Scontro laterale fra veicoli in marcia;Intersezione stradale segnalata;Una carreggiata a senso unico di marcia;Asciutto;Asfaltata;Verticale;Sereno;Scarso;Sufficiente;Ore Diurne;0;0;0;2;;;-1;1;Autovettura privata;In marcia / fermata / arresto;Conducente;M;Illeso;0;;Non accertato;Inesistente
1701816;6;15/11/2006 16:40;Strada Urbana;VIA GABRIO SERBELLONI;all'intersezione con;VIA GALEAZZO ALESSI;VIA GALEAZZO ALESSI;;;Scontro laterale fra veicoli in marcia;Intersezione stradale segnalata;Una carreggiata a senso unico di marcia;Asciutto;Asfaltata;Verticale;Sereno;Scarso;Sufficiente;Ore Diurne;0;0;0;2;;;-1;2;Autovettura privata;In marcia / fermata / arresto;Conducente;M;Illeso;0;;Non accertato;Inesistente
1701817;6;15/11/2006 17:00;Strada Urbana;VIA LEONARDO BUFALINI;all'intersezione con;VIA PIETRO RUGA;VIA PIETRO RUGA;;;Scontro laterale fra veicoli in marcia;Incrocio;Due carreggiate;Asciutto;Asfaltata;Assente;Sereno;Normale;Buona;Sufficiente;1;0;0;0;;;-1;1;Motociclo a solo;In marcia / fermata / arresto;Conducente;M;Rifiuta cure immediate;0;NON DECEDUTO;Non accertato;Inesistente