Protocollo;Gruppo;DataOraIncidente;Localizzazione1;STRADA1;Localizzazione2;STRADA2;Strada02;Chilometrica;DaSpecificare;NaturaIncidente;particolaritastrade;TipoStrada;FondoStradale;Pavimentazione;Segnaletica;CondizioneAtmosferica;Traffico;Visibilita;Illuminazione;NUM_FERITI;NUM_RISERVATA;NUM_MORTI;NUM_ILLESI;Longitudine;Latitudine;Confermato;Progressivo;TipoVeicolo;StatoVeicolo;TipoPersona;Sesso;Tipolesione;Deceduto;DecedutoDopo;CinturaCascoUtilizzato;Airbag
1702134;3;16/11/2006 20:20;Strada Urbana;PIAZZA SALERNO;all'intersezione con;VIA GIORGIO BAGLIVI;VIA GIORGIO BAGLIVI;;;Scontro laterale fra veicoli in marcia;Intersezione stradale segnalata;Una carreggiata a senso unico di marcia;Asciutto;Asfaltata;Verticale ed orizzontale;Sereno;Normale;Buona;Sufficiente;0;0;0;3;;;-1;1;Autovettura privata;In marcia / fermata / arresto;Passeggero;F;Illeso;0;;Non accertato;Inesistente
1702134;3;16/11/2006 20:20;Strada Urbana;PIAZZA SALERNO;all'intersezione con;VIA GIORGIO BAGLIVI;VIA GIORGIO BAGLIVI;;;Scontro laterale fra veicoli in marcia;Intersezione stradale segnalata;Una carreggiata a senso unico di marcia;Asciutto;Asfaltata;Verticale ed orizzontale;Sereno;Normale;Buona;Sufficiente;0;0;0;3;;;-1;2;Motociclo a solo;In marcia / fermata / arresto;Conducente;M;Illeso;0;;Non accertato;Inesistente
1702135;4;14/11/2006 12:00;Strada Urbana;VIALE PANTELLERIA;all'intersezione con;VIA VEGLIA;VIA VEGLIA;;;Scontro frontale/laterale SX fra veicoli in marcia;Incrocio;Due carreggiate;Asciutto;Asfaltata;Verticale ed orizzontale;Sereno;Normale;Buona;Ore Diurne;0;0;0;2;;;-1;1;Autovettura privata;In marcia / fermata / arresto;Conducente;M;Illeso;0;;Utilizzato;Inesistente
1702135;4;14/11/2006 12:00;Strada Urbana;VIALE PANTELLERIA;all'intersezione con;VIA VEGLIA;VIA VEGLIA;;;Scontro frontale/laterale SX fra veicoli in marcia;Incrocio;Due carreggiate;Asciutto;Asfaltata;Verticale ed orizzontale;Sereno;Normale;Buona;Ore Diurne;0;0;0;2;;;-1;2;Motociclo a solo;In marcia / fermata / arresto;Conducente;M;Illeso;0;;Non utilizzato;Inesistente
1702136;4;14/11/2006 13:30;Strada Urbana;VIA JACOPONE DA TODI;all'intersezione con;VIA FRANCESCO D'OVIDIO;VIA FRANCESCO D'OVIDIO;;;Scontro frontale/laterale SX fra veicoli in marcia;Incrocio;Una carreggiata a senso unico di marcia;Asciutto;Asfaltata;Verticale;Sereno;Scarso;Buona;Ore Diurne;0;0;0;2;;;-1;1;Autovettura privata;In marcia / fermata / arresto;Conducente;F;Illeso;0;;Utilizzato;Inesploso
1702136;4;14/11/2006 13:30;Strada Urbana;VIA JACOPONE DA TODI;all'intersezione con;VIA FRANCESCO D'OVIDIO;VIA FRANCESCO D'OVIDIO;;;Scontro frontale/laterale SX fra veicoli in marcia;Incrocio;Una carreggiata a senso unico di marcia;Asciutto;Asfaltata;Verticale;Sereno;Scarso;Buona;Ore Diurne;0;0;0;2;;;-1;2;Ciclomotore;In marcia / fermata / arresto;Conducente;M;Illeso;0;;Utilizzato;Inesistente
1702137;4;14/11/2006 13:40;Strada Urbana;VIA DELLE VIGNE NUOVE;da specificare;;;;altezza fermata ATAC n. 74127  f.c. 551E;Veicolo in marcia contro veicolo fermo;Rettilineo;Due carreggiate;Asciutto;Asfaltata;Verticale ed orizzontale;Sereno;Normale;Buona;Ore Diurne;1;0;0;2;;;-1;1;Autobus urbano;In marcia / fermata / arresto;Conducente;M;Illeso;0;;Esente;Inesistente
1702137;4;14/11/2006 13:40;Strada Urbana;VIA DELLE VIGNE NUOVE;da specificare;;;;altezza fermata ATAC n. 74127  f.c. 551E;Veicolo in marcia contro veicolo fermo;Rettilineo;Due carreggiate;Asciutto;Asfaltata;Verticale ed orizzontale;Sereno;Normale;Buona;Ore Diurne;1;0;0;2;;;-1;2;Motociclo con passeggero;In marcia / fermata / arresto;Conducente;M;Rimandato;0;NON DECEDUTO;Utilizzato;Inesistente
1702137;4;14/11/2006 13:40;Strada Urbana;VIA DELLE VIGNE NUOVE;da specificare;;;;altezza fermata ATAC n. 74127  f.c. 551E;Veicolo in marcia contro veicolo fermo;Rettilineo;Due carreggiate;Asciutto;Asfaltata;Verticale ed orizzontale;Sereno;Normale;Buona;Ore Diurne;1;0;0;2;;;-1;2;Motociclo con passeggero;In marcia / fermata / arresto;Passeggero;M;Illeso;0;;Utilizzato;Inesistente
1702138;4;14/11/2006 22:45;Strada Urbana;VIA RENATO FUCINI;all'intersezione con;VIA DELLA BUFALOTTA;VIA DELLA BUFALOTTA;;;Tamponamento;Incrocio;Due carreggiate;Asciutto;Asfaltata;Verticale ed orizzontale;Sereno;Scarso;Sufficiente;Sufficiente;0;0;0;3;;;-1;1;Autobus urbano;In marcia / fermata / arresto;Conducente;M;Illeso;0;;Non accertato;Inesistente
1702138;4;14/11/2006 22:45;Strada Urbana;VIA RENATO FUCINI;all'intersezione con;VIA DELLA BUFALOTTA;VIA DELLA BUFALOTTA;;;Tamponamento;Incrocio;Due carreggiate;Asciutto;Asfaltata;Verticale ed orizzontale;Sereno;Scarso;Sufficiente;Sufficiente;0;0;0;3;;;-1;2;Autovettura privata;In marcia / fermata / arresto;Conducente;M;Illeso;0;;Non accertato;Inesistente
1702138;4;14/11/2006 22:45;Strada Urbana;VIA RENATO FUCINI;all'intersezione con;VIA DELLA BUFALOTTA;VIA DELLA BUFALOTTA;;;Tamponamento;Incrocio;Due carreggiate;Asciutto;Asfaltata;Verticale ed orizzontale;Sereno;Scarso;Sufficiente;Sufficiente;0;0;0;3;;;-1;2;Autovettura privata;In marcia / fermata / arresto;Passeggero;M;Illeso;0;;Non accertato;Inesistente
1702139;4;15/11/2006 10:00;Strada Urbana;VIA ADAMELLO;all'intersezione con;VIA MONTE ERICE;VIA MONTE ERICE;;;Scontro frontale/laterale DX fra veicoli in marcia;Incrocio;Una carreggiata a senso unico di marcia;Asciutto;Asfaltata;Verticale ed orizzontale;Sereno;Normale;Buona;Ore Diurne;1;0;0;1;;;-1;1;Autovettura privata;In marcia / fermata / arresto;Conducente;F;Illeso;0;;Utilizzato;Inesploso
1702139;4;15/11/2006 10:00;Strada Urbana;VIA ADAMELLO;all'intersezione con;VIA MONTE ERICE;VIA MONTE ERICE;;;Scontro frontale/laterale DX fra veicoli in marcia;Incrocio;Una carreggiata a senso unico di marcia;Asciutto;Asfaltata;Verticale ed orizzontale;Sereno;Normale;Buona;Ore Diurne;1;0;0;1;;;-1;2;Motociclo a solo;In marcia / fermata / arresto;Conducente;M;Rimandato;0;NON DECEDUTO;Non accertato;Inesistente
1702140;4;15/11/2006 11:30;Strada Urbana;VIA ACHILLE TORELLI;in prossimità;;del civico n. ;50;;Scontro laterale fra veicoli in marcia;Rettilineo;Una carreggiata a senso unico di marcia;Asciutto;Asfaltata;Verticale;Sereno;Scarso;Buona;Ore Diurne;0;0;0;2;;;-1;1;Autovettura privata;In marcia / fermata / arresto;Conducente;M;Illeso;0;;Non accertato;Inesistente
1702140;4;15/11/2006 11:30;Strada Urbana;VIA ACHILLE TORELLI;in prossimità;;del civico n. ;50;;Scontro laterale fra veicoli in marcia;Rettilineo;Una carreggiata a senso unico di marcia;Asciutto;Asfaltata;Verticale;Sereno;Scarso;Buona;Ore Diurne;0;0;0;2;;;-1;2;Autovettura privata;In marcia / fermata / arresto;Conducente;F;Illeso;0;;Non accertato;Inesistente
1702141;4;15/11/2006 11:45;Strada Urbana;VIA MARIA BARBARA TOSATTI;da specificare;;;;in prossimità Via L.di Breme;Scontro laterale fra veicoli in marcia;Rettilineo;Una carreggiata a doppio senso;Asciutto;Asfaltata;Verticale;Sereno;Normale;Buona;Ore Diurne;0;0;0;2;;;-1;1;Autovettura privata;In marcia / fermata / arresto;Conducente;M;Illeso;0;;Non accertato;Inesistente
1702141;4;15/11/2006 11:45;Strada Urbana;VIA MARIA BARBARA TOSATTI;da specificare;;;;in prossimità Via L.di Breme;Scontro laterale fra veicoli in marcia;Rettilineo;Una carreggiata a doppio senso;Asciutto;Asfaltata;Verticale;Sereno;Normale;Buona;Ore Diurne;0;0;0;2;;;-1;2;Autovettura privata;In marcia / fermata / arresto;Conducente;M;Illeso;0;;Non accertato;Inesistente
1702142;4;15/11/2006 12:00;Strada Urbana;VIA MARTANA;all'intersezione con;VIALE TIRRENO;VIALE TIRRENO;;;Veicolo in marcia contro ostacolo accidentale;Incrocio;Una carreggiata a doppio senso;Asciutto;Asfaltata;Verticale ed orizzontale;Sereno;Normale;Buona;Ore Diurne;0;0;0;1;;;-1;1;Ciclomotore;In marcia / fermata / arresto;Conducente;M;Illeso;0;;Non accertato;Inesistente
1702143;4;15/11/2006 12:00;Strada Urbana;VIA MARTANA;all'intersezione semaforizzata con;VIALE TIRRENO;VIALE TIRRENO;;;Veicolo in marcia contro ostacolo accidentale;Intersezione semaforizzata;Una carreggiata a senso unico di marcia;Viscido da liquidi oleosi;Asfaltata;Verticale ed orizzontale;Sereno;Normale;Buona;Ore Diurne;0;0;0;1;;;-1;1;Ciclomotore;In marcia / fermata / arresto;Conducente;M;Illeso;0;;Utilizzato;Inesistente
1702144;4;15/11/2006 12:45;Strada Urbana;PIAZZA MONTE GENNARO;in prossimità;;del civico n. ;51;;Investimento di pedone;Rettilineo;Una carreggiata a doppio senso;Asciutto;Asfaltata;Verticale ed orizzontale;Sereno;Normale;Buona;Ore Diurne;1;0;0;2;;;-1;;;;Pedone;F;Rifiuta cure immediate;0;NON DECEDUTO;;
1702144;4;15/11/2006 12:45;Strada Urbana;PIAZZA MONTE GENNARO;in prossimità;;del civico n. ;51;;Investimento di pedone;Rettilineo;Una carreggiata a doppio senso;Asciutto;Asfaltata;Verticale ed orizzontale;Sereno;Normale;Buona;Ore Diurne;1;0;0;2;;;-1;1;Autovettura privata;In marcia / fermata / arresto;Conducente;M;Illeso;0;;Non accertato;Inesistente
1702144;4;15/11/2006 12:45;Strada Urbana;PIAZZA MONTE GENNARO;in prossimità;;del civico n. ;51;;Investimento di pedone;Rettilineo;Una carreggiata a doppio senso;Asciutto;Asfaltata;Verticale ed orizzontale;Sereno;Normale;Buona;Ore Diurne;1;0;0;2;;;-1;1;Autovettura privata;In marcia / fermata / arresto;Passeggero;F;Illeso;0;;Non accertato;Inesistente
1702145;4;15/11/2006 14:55;Strada Urbana;VIA DI SETTEBAGNI;all'intersezione con;VIA DELLA BUFALOTTA;VIA DELLA BUFALOTTA;;;Scontro laterale fra veicoli in marcia;Intersezione stradale segnalata;Una carreggiata a senso unico di marcia;Asciutto;Asfaltata;Orizzontale;Sereno;Normale;Buona;Ore Diurne;1;0;0;1;;;-1;1;Ciclomotore;In marcia / fermata / arresto;Conducente;M;Rimandato;0;NON DECEDUTO;Non accertato;Inesistente
1702145;4;15/11/2006 14:55;Strada Urbana;VIA DI SETTEBAGNI;all'intersezione con;VIA DELLA BUFALOTTA;VIA DELLA BUFALOTTA;;;Scontro laterale fra veicoli in marcia;Intersezione stradale segnalata;Una carreggiata a senso unico di marcia;Asciutto;Asfaltata;Orizzontale;Sereno;Normale;Buona;Ore Diurne;1;0;0;1;;;-1;2;Autovettura privata;In marcia / fermata / arresto;Conducente;M;Illeso;0;;Non accertato;Inesistente
1702146;4;15/11/2006 18:10;Strada Urbana;VIA DELLE VALLI;da specificare;;;;prossimità Via Conca D'Oro;Scontro laterale fra veicoli in marcia;Rettilineo;Due carreggiate;Asciutto;Asfaltata;Verticale ed orizzontale;Sereno;Intenso;Buona;Sufficiente;0;0;0;2;;;-1;1;Autovettura privata;In marcia / fermata / arresto;Conducente;F;Illeso;0;;Non accertato;Inesistente
1702146;4;15/11/2006 18:10;Strada Urbana;VIA DELLE VALLI;da specificare;;;;prossimità Via Conca D'Oro;Scontro laterale fra veicoli in marcia;Rettilineo;Due carreggiate;Asciutto;Asfaltata;Verticale ed orizzontale;Sereno;Intenso;Buona;Sufficiente;0;0;0;2;;;-1;2;Autocarro superiore 35 q.;In marcia / fermata / arresto;Conducente;M;Illeso;0;;Non accertato;Inesistente
1702151;5;02/11/2006 13:00;Strada Urbana;VIA DEI DURANTINI;all'intersezione con;VIA DELLE CAVE DI PIETRALATA;VIA DELLE CAVE DI PIETRALATA;;;Scontro frontale/laterale SX fra veicoli in marcia;Incrocio;Una carreggiata a doppio senso;Asciutto;Asfaltata;Verticale ed orizzontale;Sereno;Normale;Buona;Ore Diurne;0;0;0;2;;;-1;1;Autovettura privata;In marcia / fermata / arresto;Conducente;M;Illeso;0;;Non accertato;Inesistente
1702151;5;02/11/2006 13:00;Strada Urbana;VIA DEI DURANTINI;all'intersezione con;VIA DELLE CAVE DI PIETRALATA;VIA DELLE CAVE DI PIETRALATA;;;Scontro frontale/laterale SX fra veicoli in marcia;Incrocio;Una carreggiata a doppio senso;Asciutto;Asfaltata;Verticale ed orizzontale;Sereno;Normale;Buona;Ore Diurne;0;0;0;2;;;-1;2;Autovettura privata;In marcia / fermata / arresto;Conducente;F;Illeso;0;;Non accertato;Inesistente
1702152;5;11/11/2006 13:45;Strada Urbana;VIA FABRIANO;in prossimità;;del civico n. ;100;;Tamponamento;Rettilineo;Una carreggiata a doppio senso;Asciutto;Asfaltata;Assente;Sereno;Normale;Buona;Ore Diurne;0;0;0;2;;;-1;1;Autovettura privata;In marcia / fermata / arresto;Conducente;M;Illeso;0;;Non accertato;Inesistente
1702152;5;11/11/2006 13:45;Strada Urbana;VIA FABRIANO;in prossimità;;del civico n. ;100;;Tamponamento;Rettilineo;Una carreggiata a doppio senso;Asciutto;Asfaltata;Assente;Sereno;Normale;Buona;Ore Diurne;0;0;0;2;;;-1;2;Autovettura privata;In marcia / fermata / arresto;Conducente;F;Illeso;0;;Non accertato;Inesistente
1702153;5;17/11/2006 05:50;Strada Urbana;VIA DELLA TENUTA DEL CAVALIERE;da specificare;;;;60 metri circa daslla cabina Acea ivi ubicati ;Scontro frontale fra veicoli in marcia;Rettilineo;Una carreggiata a doppio senso;Asciutto;Asfaltata;Assente;Sereno;Scarso;Buona;Inesistente;0;0;0;2;;;-1;1;Autocarro inferiore 35 q.;In marcia / fermata / arresto;Conducente;M;Illeso;0;;Non accertato;Inesistente
1702153;5;17/11/2006 05:50;Strada Urbana;VIA DELLA TENUTA DEL CAVALIERE;da specificare;;;;60 metri circa daslla cabina Acea ivi ubicati ;Scontro frontale fra veicoli in marcia;Rettilineo;Una carreggiata a doppio senso;Asciutto;Asfaltata;Assente;Sereno;Scarso;Buona;Inesistente;0;0;0;2;;;-1;1;Autocarro inferiore 35 q.;In marcia / fermata / arresto;Passeggero;M;Illeso;0;;Non accertato;Inesistente
1702154;5;17/11/2006 08:35;Strada Urbana;VIA TIBURTINA;all'intersezione con;VIA DI TOR CERVARA;VIA DI TOR CERVARA;;;Scontro laterale fra veicoli in marcia;Incrocio;Una carreggiata a doppio senso;Asciutto;Asfaltata;Verticale ed orizzontale;Sereno;Intenso;Buona;Ore Diurne;0;0;0;2;;;-1;1;Autovettura privata;In marcia / fermata / arresto;Conducente;M;Illeso;0;;Non accertato;Inesistente
1702154;5;17/11/2006 08:35;Strada Urbana;VIA TIBURTINA;all'intersezione con;VIA DI TOR CERVARA;VIA DI TOR CERVARA;;;Scontro laterale fra veicoli in marcia;Incrocio;Una carreggiata a doppio senso;Asciutto;Asfaltata;Verticale ed orizzontale;Sereno;Intenso;Buona;Ore Diurne;0;0;0;2;;;-1;2;Autovettura privata;In marcia / fermata / arresto;Conducente;M;Illeso;0;;Non accertato;Inesistente
1702155;5;17/11/2006 09:30;Strada Urbana;VIA SILVIO NEGRO;all'intersezione con;VIA UMBERTO NOTARI;VIA UMBERTO NOTARI;;;Scontro frontale/laterale DX fra veicoli in marcia;Incrocio;Una carreggiata a doppio senso;Asciutto;Asfaltata;Orizzontale;Sereno;Scarso;Buona;Ore Diurne;1;0;0;1;;;-1;1;Autovettura privata;In marcia / fermata / arresto;Conducente;M;Illeso;0;;Non accertato;Inesistente
1702155;5;17/11/2006 09:30;Strada Urbana;VIA SILVIO NEGRO;all'intersezione con;VIA UMBERTO NOTARI;VIA UMBERTO NOTARI;;;Scontro frontale/laterale DX fra veicoli in marcia;Incrocio;Una carreggiata a doppio senso;Asciutto;Asfaltata;Orizzontale;Sereno;Scarso;Buona;Ore Diurne;1;0;0;1;;;-1;2;Motociclo a solo;In marcia / fermata / arresto;Conducente;M;Rimandato;0;NON DECEDUTO;Non accertato;Inesistente
1702156;5;17/11/2006 10:10;Strada Urbana;VIA RICCARDO ZAMPIERI;all'intersezione con;PIAZZA RICCARDO BALSAMO CRIVELLI;PIAZZA RICCARDO BALSAMO CRIVELLI;;;Scontro laterale fra veicoli in marcia;Incrocio;Una carreggiata a doppio senso;Asciutto;Asfaltata;Verticale ed orizzontale;Sereno;Intenso;Buona;Ore Diurne;1;0;0;1;;;-1;1;Autovettura privata;In marcia / fermata / arresto;Conducente;M;Illeso;0;;Non accertato;Inesistente
1702156;5;17/11/2006 10:10;Strada Urbana;VIA RICCARDO ZAMPIERI;all'intersezione con;PIAZZA RICCARDO BALSAMO CRIVELLI;PIAZZA RICCARDO BALSAMO CRIVELLI;;;Scontro laterale fra veicoli in marcia;Incrocio;Una carreggiata a doppio senso;Asciutto;Asfaltata;Verticale ed orizzontale;Sereno;Intenso;Buona;Ore Diurne;1;0;0;1;;;-1;2;Ciclomotore;In marcia / fermata / arresto;Conducente;M;Rimandato;0;NON DECEDUTO;Non accertato;Inesistente
1702157;5;17/11/2006 13:00;Strada Urbana;VIALE EGIDIO GALBANI;da specificare;;;;semaforo pedonale fronte benzinaio ERG;Tamponamento Multiplo;Pendenza;Due carreggiate;Asciutto;Asfaltata;Orizzontale;Sereno;Normale;Buona;Ore Diurne;2;0;0;2;;;-1;1;Autovettura privata;In marcia / fermata / arresto;Conducente;F;Rimandato;0;NON DECEDUTO;Non accertato;Inesistente
1702157;5;17/11/2006 13:00;Strada Urbana;VIALE EGIDIO GALBANI;da specificare;;;;semaforo pedonale fronte benzinaio ERG;Tamponamento Multiplo;Pendenza;Due carreggiate;Asciutto;Asfaltata;Orizzontale;Sereno;Normale;Buona;Ore Diurne;2;0;0;2;;;-1;1;Autovettura privata;In marcia / fermata / arresto;Passeggero;F;Illeso;0;;Non accertato;Inesistente
1702157;5;17/11/2006 13:00;Strada Urbana;VIALE EGIDIO GALBANI;da specificare;;;;semaforo pedonale fronte benzinaio ERG;Tamponamento Multiplo;Pendenza;Due carreggiate;Asciutto;Asfaltata;Orizzontale;Sereno;Normale;Buona;Ore Diurne;2;0;0;2;;;-1;2;Autovettura privata;In marcia / fermata / arresto;Conducente;F;Rimandato;0;NON DECEDUTO;Non accertato;Inesistente
1702157;5;17/11/2006 13:00;Strada Urbana;VIALE EGIDIO GALBANI;da specificare;;;;semaforo pedonale fronte benzinaio ERG;Tamponamento Multiplo;Pendenza;Due carreggiate;Asciutto;Asfaltata;Orizzontale;Sereno;Normale;Buona;Ore Diurne;2;0;0;2;;;-1;3;Veicolo speciale;In marcia / fermata / arresto;Conducente;M;Illeso;0;;Non accertato;Inesistente
1702158;5;17/11/2006 15:00;Strada Urbana;VIA TIBURTINA;in corrispondenza;;del civico n. ;1150;;Scontro laterale fra veicoli in marcia;Rettilineo;Una carreggiata a doppio senso;Asciutto;Asfaltata;Orizzontale;Sereno;Intenso;Buona;Ore Diurne;1;0;0;1;;;-1;1;Motociclo a solo;In marcia / fermata / arresto;Conducente;M;Rimandato;0;NON DECEDUTO;Non accertato;Inesistente
1702158;5;17/11/2006 15:00;Strada Urbana;VIA TIBURTINA;in corrispondenza;;del civico n. ;1150;;Scontro laterale fra veicoli in marcia;Rettilineo;Una carreggiata a doppio senso;Asciutto;Asfaltata;Orizzontale;Sereno;Intenso;Buona;Ore Diurne;1;0;0;1;;;-1;2;Autovettura privata;In marcia / fermata / arresto;Conducente;M;Illeso;0;;Non accertato;Inesistente
1702159;5;17/11/2006 18:45;Strada Urbana;VIA TIBURTINA;in prossimità;;del civico n. ;1210;;Scontro frontale/laterale SX fra veicoli in marcia;Rettilineo;Una carreggiata a doppio senso;Asciutto;Asfaltata;Orizzontale;Sereno;Intenso;Sufficiente;Sufficiente;1;0;0;1;;;-1;1;Autovettura privata;In marcia / fermata / arresto;Conducente;M;Illeso;0;;Non accertato;Inesistente
1702159;5;17/11/2006 18:45;Strada Urbana;VIA TIBURTINA;in prossimità;;del civico n. ;1210;;Scontro frontale/laterale SX fra veicoli in marcia;Rettilineo;Una carreggiata a doppio senso;Asciutto;Asfaltata;Orizzontale;Sereno;Intenso;Sufficiente;Sufficiente;1;0;0;1;;;-1;2;Motociclo a solo;In marcia / fermata / arresto;Conducente;M;Rimandato;0;NON DECEDUTO;Non accertato;Inesistente
1702160;6;17/11/2006 18:45;Strada Urbana;VIA ROBERTO MALATESTA;all'intersezione con;VIA RENZO DA CERI;VIA RENZO DA CERI;;;Investimento di pedone;Incrocio;Una carreggiata a senso unico di marcia;Asciutto;Asfaltata;Orizzontale;Sereno;Normale;Buona;Sufficiente;1;0;0;1;;;-1;;;;Pedone;F;Rimandato;0;NON DECEDUTO;;
1702160;6;17/11/2006 18:45;Strada Urbana;VIA ROBERTO MALATESTA;all'intersezione con;VIA RENZO DA CERI;VIA RENZO DA CERI;;;Investimento di pedone;Incrocio;Una carreggiata a senso unico di marcia;Asciutto;Asfaltata;Orizzontale;Sereno;Normale;Buona;Sufficiente;1;0;0;1;;;-1;1;Motociclo a solo;In marcia / fermata / arresto;Conducente;M;Illeso;0;;Utilizzato;Inesistente
1702161;6;17/11/2006 22:05;Strada Urbana;VIA PRENESTINA;all'intersezione con;VIA DIGNANO D'ISTRIA;VIA DIGNANO D'ISTRIA;;;Investimento di pedone;Incrocio;Due carreggiate;Asciutto;Asfaltata;Verticale ed orizzontale;Sereno;Scarso;Buona;Sufficiente;1;0;0;1;;;-1;;;;Pedone;M;Ricoverato;0;NON DECEDUTO;;
1702161;6;17/11/2006 22:05;Strada Urbana;VIA PRENESTINA;all'intersezione con;VIA DIGNANO D'ISTRIA;VIA DIGNANO D'ISTRIA;;;Investimento di pedone;Incrocio;Due carreggiate;Asciutto;Asfaltata;Verticale ed orizzontale;Sereno;Scarso;Buona;Sufficiente;1;0;0;1;;;-1;1;Motociclo a solo;In marcia / fermata / arresto;Conducente;M;Illeso;0;;Non accertato;Inesistente
1702162;7;17/11/2006 10:30;Strada Urbana;VIA COLLATINA;in corrispondenza;;del civico n. ;213;;Scontro laterale fra veicoli in marcia;Rettilineo;Una carreggiata a doppio senso;Asciutto;Asfaltata;Orizzontale;Sereno;Normale;Buona;Ore Diurne;0;0;0;3;;;-1;1;Motociclo a solo;In marcia / fermata / arresto;Conducente;M;Illeso;0;;Non accertato;Inesistente
1702162;7;17/11/2006 10:30;Strada Urbana;VIA COLLATINA;in corrispondenza;;del civico n. ;213;;Scontro laterale fra veicoli in marcia;Rettilineo;Una carreggiata a doppio senso;Asciutto;Asfaltata;Orizzontale;Sereno;Normale;Buona;Ore Diurne;0;0;0;3;;;-1;2;Autovettura privata;In marcia / fermata / arresto;Conducente;F;Illeso;0;;Non accertato;Inesistente
1702162;7;17/11/2006 10:30;Strada Urbana;VIA COLLATINA;in corrispondenza;;del civico n. ;213;;Scontro laterale fra veicoli in marcia;Rettilineo;Una carreggiata a doppio senso;Asciutto;Asfaltata;Orizzontale;Sereno;Normale;Buona;Ore Diurne;0;0;0;3;;;-1;2;Autovettura privata;In marcia / fermata / arresto;Passeggero;F;Illeso;0;;Non accertato;Inesistente
1702163;7;17/11/2006 15:50;Strada Urbana;VIA PRENESTINA;all'intersezione con;VIA EMILIO LONGONI;VIA EMILIO LONGONI;;;Scontro laterale fra veicoli in marcia;Incrocio;Una carreggiata a doppio senso;Asciutto;Asfaltata;Verticale ed orizzontale;Sereno;Intenso;Buona;Sufficiente;0;0;0;2;;;-1;1;Autocarro superiore 35 q.;In marcia / fermata / arresto;Conducente;M;Illeso;0;;Non accertato;Inesistente
1702163;7;17/11/2006 15:50;Strada Urbana;VIA PRENESTINA;all'intersezione con;VIA EMILIO LONGONI;VIA EMILIO LONGONI;;;Scontro laterale fra veicoli in marcia;Incrocio;Una carreggiata a doppio senso;Asciutto;Asfaltata;Verticale ed orizzontale;Sereno;Intenso;Buona;Sufficiente;0;0;0;2;;;-1;2;Autovettura privata;In marcia / fermata / arresto;Conducente;M;Illeso;0;;Non accertato;Inesistente
1702164;7;17/11/2006 20:10;Strada Urbana;VIALE PALMIRO TOGLIATTI;in corrispondenza;;del civico n. ;721;;Scontro frontale/laterale SX fra veicoli in marcia;Rettilineo;Due carreggiate;Asciutto;Asfaltata;Orizzontale;Sereno;Normale;Buona;Sufficiente;0;0;0;5;;;-1;1;Autovettura privata;In marcia / fermata / arresto;Conducente;M;Illeso;0;;Utilizzato;Inesploso
1702164;7;17/11/2006 20:10;Strada Urbana;VIALE PALMIRO TOGLIATTI;in corrispondenza;;del civico n. ;721;;Scontro frontale/laterale SX fra veicoli in marcia;Rettilineo;Due carreggiate;Asciutto;Asfaltata;Orizzontale;Sereno;Normale;Buona;Sufficiente;0;0;0;5;;;-1;1;Autovettura privata;In marcia / fermata / arresto;Passeggero;F;Illeso;0;;Utilizzato;Inesploso
1702164;7;17/11/2006 20:10;Strada Urbana;VIALE PALMIRO TOGLIATTI;in corrispondenza;;del civico n. ;721;;Scontro frontale/laterale SX fra veicoli in marcia;Rettilineo;Due carreggiate;Asciutto;Asfaltata;Orizzontale;Sereno;Normale;Buona;Sufficiente;0;0;0;5;;;-1;2;Autovettura privata;In marcia / fermata / arresto;Conducente;F;Illeso;0;;Utilizzato;Inesploso
1702164;7;17/11/2006 20:10;Strada Urbana;VIALE PALMIRO TOGLIATTI;in corrispondenza;;del civico n. ;721;;Scontro frontale/laterale SX fra veicoli in marcia;Rettilineo;Due carreggiate;Asciutto;Asfaltata;Orizzontale;Sereno;Normale;Buona;Sufficiente;0;0;0;5;;;-1;3;Ciclomotore;In marcia / fermata / arresto;Conducente;M;Illeso;0;;Utilizzato;Inesistente
1702164;7;17/11/2006 20:10;Strada Urbana;VIALE PALMIRO TOGLIATTI;in corrispondenza;;del civico n. ;721;;Scontro frontale/laterale SX fra veicoli in marcia;Rettilineo;Due carreggiate;Asciutto;Asfaltata;Orizzontale;Sereno;Normale;Buona;Sufficiente;0;0;0;5;;;-1;4;Autovettura privata;In marcia / fermata / arresto;Conducente;F;Illeso;0;;Non accertato;Inesploso
1702165;7;18/11/2006 01:40;Strada Urbana;VIA PAPIRIA;in corrispondenza;;del civico n. ;54;;Veicolo in marcia contro veicolo in sosta;Rettilineo;Una carreggiata a doppio senso;Asciutto;Asfaltata;Orizzontale;Sereno;Scarso;Buona;Sufficiente;0;0;0;1;;;-1;1;Autovettura privata;In marcia / fermata / arresto;Conducente;M;Illeso;0;;Non accertato;Inesistente
1702166;8;17/11/2006 11:00;Strada Urbana;VIA LUIGI RUSSOLO;da specificare;;;;IN PROSSIMITA' DI VIA ATANASIO SOLDATI;Veicolo in marcia contro ostacolo accidentale;Curva a visuale libera;Una carreggiata a doppio senso;Asciutto;Con buche;Verticale;Sereno;Normale;Buona;Ore Diurne;0;0;0;1;;;-1;1;Autovettura privata;In marcia / fermata / arresto;Conducente;M;Illeso;0;;Non accertato;Inesploso
1702167;8;17/11/2006 14:00;Provinciale entro l'abitato;VIA PRENESTINA;all'intersezione con;VIA OLLOLAI;VIA OLLOLAI;;;Scontro frontale/laterale DX fra veicoli in marcia;Incrocio;Una carreggiata a doppio senso;Asciutto;Asfaltata;Verticale ed orizzontale;Sereno;Normale;Buona;Ore Diurne;1;0;0;1;;;-1;1;Autocarro superiore 35 q.;In marcia / fermata / arresto;Conducente;M;Illeso;0;;Non accertato;Inesistente