Protocollo;Gruppo;DataOraIncidente;Localizzazione1;STRADA1;Localizzazione2;STRADA2;Strada02;Chilometrica;DaSpecificare;NaturaIncidente;particolaritastrade;TipoStrada;FondoStradale;Pavimentazione;Segnaletica;CondizioneAtmosferica;Traffico;Visibilita;Illuminazione;NUM_FERITI;NUM_RISERVATA;NUM_MORTI;NUM_ILLESI;Longitudine;Latitudine;Confermato;Progressivo;TipoVeicolo;StatoVeicolo;TipoPersona;Sesso;Tipolesione;Deceduto;DecedutoDopo;CinturaCascoUtilizzato;Airbag
1702341;1;18/11/2006 20:25;Strada Urbana;VIA DELL'AMBA ARADAM;da specificare;;;;fronte vicariato;Scontro laterale fra veicoli in marcia;Curva a visuale libera;Una carreggiata a doppio senso;Asciutto;Asfaltata;Verticale ed orizzontale;Nuvoloso;Intenso;Sufficiente;Sufficiente;0;0;0;8;;;-1;2;Autovettura privata;In marcia / fermata / arresto;Conducente;M;Illeso;0;;Utilizzato;Inesistente
1702341;1;18/11/2006 20:25;Strada Urbana;VIA DELL'AMBA ARADAM;da specificare;;;;fronte vicariato;Scontro laterale fra veicoli in marcia;Curva a visuale libera;Una carreggiata a doppio senso;Asciutto;Asfaltata;Verticale ed orizzontale;Nuvoloso;Intenso;Sufficiente;Sufficiente;0;0;0;8;;;-1;3;Autocarro inferiore 35 q.;In marcia / fermata / arresto;Conducente;M;Illeso;0;;Utilizzato;Inesistente
1702341;1;18/11/2006 20:25;Strada Urbana;VIA DELL'AMBA ARADAM;da specificare;;;;fronte vicariato;Scontro laterale fra veicoli in marcia;Curva a visuale libera;Una carreggiata a doppio senso;Asciutto;Asfaltata;Verticale ed orizzontale;Nuvoloso;Intenso;Sufficiente;Sufficiente;0;0;0;8;;;-1;3;Autocarro inferiore 35 q.;In marcia / fermata / arresto;Passeggero;M;Illeso;0;;Non accertato;Inesistente
1702342;1;19/11/2006 01:30;Strada Urbana;PIAZZALE OSTIENSE;da specificare;;;;fronte metro;Scontro laterale fra veicoli in marcia;Rettilineo;Una carreggiata a senso unico di marcia;Asciutto;Asfaltata;Verticale ed orizzontale;Sereno;Scarso;Buona;Sufficiente;0;0;0;3;;;-1;1;Autovettura privata;In marcia / fermata / arresto;Conducente;F;Illeso;0;;Utilizzato;Inesploso
1702342;1;19/11/2006 01:30;Strada Urbana;PIAZZALE OSTIENSE;da specificare;;;;fronte metro;Scontro laterale fra veicoli in marcia;Rettilineo;Una carreggiata a senso unico di marcia;Asciutto;Asfaltata;Verticale ed orizzontale;Sereno;Scarso;Buona;Sufficiente;0;0;0;3;;;-1;1;Autovettura privata;In marcia / fermata / arresto;Passeggero;M;Illeso;0;;Non accertato;Inesploso
1702342;1;19/11/2006 01:30;Strada Urbana;PIAZZALE OSTIENSE;da specificare;;;;fronte metro;Scontro laterale fra veicoli in marcia;Rettilineo;Una carreggiata a senso unico di marcia;Asciutto;Asfaltata;Verticale ed orizzontale;Sereno;Scarso;Buona;Sufficiente;0;0;0;3;;;-1;2;Autovettura pubblica;In marcia / fermata / arresto;Conducente;M;Illeso;0;;Non accertato;Inesploso
1702343;1;19/11/2006 02:10;Strada Urbana;PIAZZA DI S. MARTINO AI MONTI;all'intersezione con;VIA DEI QUATTRO CANTONI;VIA DEI QUATTRO CANTONI;;;Scontro frontale/laterale SX fra veicoli in marcia;Incrocio;Una carreggiata a doppio senso;Bagnato (umidità in atto);Asfaltata;Orizzontale;Sereno;Scarso;Sufficiente;Sufficiente;1;0;0;1;;;-1;1;Autovettura privata;In marcia / fermata / arresto;Conducente;F;Illeso;0;;Non accertato;Inesploso
1702343;1;19/11/2006 02:10;Strada Urbana;PIAZZA DI S. MARTINO AI MONTI;all'intersezione con;VIA DEI QUATTRO CANTONI;VIA DEI QUATTRO CANTONI;;;Scontro frontale/laterale SX fra veicoli in marcia;Incrocio;Una carreggiata a doppio senso;Bagnato (umidità in atto);Asfaltata;Orizzontale;Sereno;Scarso;Sufficiente;Sufficiente;1;0;0;1;;;-1;2;Motociclo a solo;In marcia / fermata / arresto;Conducente;M;Rifiuta cure immediate;0;NON DECEDUTO;Non accertato;Inesistente
1702344;1;19/11/2006 01:40;Strada Urbana;VIALE DELLE TERME DI CARACALLA;da specificare;;;;altezza Via Antoniniana;Tamponamento;Rettilineo;Più di due carreggiate;Asciutto;Asfaltata;Verticale ed orizzontale;Sereno;Scarso;Sufficiente;Sufficiente;4;0;0;0;;;-1;1;Motociclo con passeggero;In marcia / fermata / arresto;Conducente;M;Rifiuta cure immediate;0;NON DECEDUTO;Utilizzato;Inesistente
1702344;1;19/11/2006 01:40;Strada Urbana;VIALE DELLE TERME DI CARACALLA;da specificare;;;;altezza Via Antoniniana;Tamponamento;Rettilineo;Più di due carreggiate;Asciutto;Asfaltata;Verticale ed orizzontale;Sereno;Scarso;Sufficiente;Sufficiente;4;0;0;0;;;-1;1;Motociclo con passeggero;In marcia / fermata / arresto;Passeggero;M;Rifiuta cure immediate;0;NON DECEDUTO;Utilizzato;Inesistente
1702344;1;19/11/2006 01:40;Strada Urbana;VIALE DELLE TERME DI CARACALLA;da specificare;;;;altezza Via Antoniniana;Tamponamento;Rettilineo;Più di due carreggiate;Asciutto;Asfaltata;Verticale ed orizzontale;Sereno;Scarso;Sufficiente;Sufficiente;4;0;0;0;;;-1;2;Motociclo con passeggero;In marcia / fermata / arresto;Conducente;M;Rifiuta cure immediate;0;NON DECEDUTO;Utilizzato;Inesistente
1702344;1;19/11/2006 01:40;Strada Urbana;VIALE DELLE TERME DI CARACALLA;da specificare;;;;altezza Via Antoniniana;Tamponamento;Rettilineo;Più di due carreggiate;Asciutto;Asfaltata;Verticale ed orizzontale;Sereno;Scarso;Sufficiente;Sufficiente;4;0;0;0;;;-1;2;Motociclo con passeggero;In marcia / fermata / arresto;Passeggero;M;Rifiuta cure immediate;0;NON DECEDUTO;Utilizzato;Inesistente
1702345;1;19/11/2006 09:30;Strada Urbana;VIA PANISPERNA;all'intersezione con;VIA DEL BOSCHETTO;VIA DEL BOSCHETTO;;;Scontro frontale/laterale DX fra veicoli in marcia;Incrocio;Una carreggiata a senso unico di marcia;Asciutto;Acciotolata;Verticale;Sereno;Scarso;Buona;Ore Diurne;2;0;0;0;;;-1;1;Motociclo a solo;In marcia / fermata / arresto;Conducente;F;Rifiuta cure immediate;0;NON DECEDUTO;Utilizzato;Inesistente
1702345;1;19/11/2006 09:30;Strada Urbana;VIA PANISPERNA;all'intersezione con;VIA DEL BOSCHETTO;VIA DEL BOSCHETTO;;;Scontro frontale/laterale DX fra veicoli in marcia;Incrocio;Una carreggiata a senso unico di marcia;Asciutto;Acciotolata;Verticale;Sereno;Scarso;Buona;Ore Diurne;2;0;0;0;;;-1;2;Motociclo a solo;In marcia / fermata / arresto;Conducente;M;Rimandato;0;NON DECEDUTO;Non accertato;Inesistente
1702346;1;19/11/2006 11:30;Strada Urbana;PIAZZA GIUSEPPE GIOACHINO BELLI;in corrispondenza;;del civico n. ;11;;Scontro laterale fra veicoli in marcia;Rettilineo;Una carreggiata a doppio senso;Asciutto;Asfaltata;Assente;Sereno;Normale;Buona;Ore Diurne;0;0;0;2;;;-1;1;Autovettura privata;In marcia / fermata / arresto;Conducente;M;Illeso;0;;Utilizzato;Inesploso
1702346;1;19/11/2006 11:30;Strada Urbana;PIAZZA GIUSEPPE GIOACHINO BELLI;in corrispondenza;;del civico n. ;11;;Scontro laterale fra veicoli in marcia;Rettilineo;Una carreggiata a doppio senso;Asciutto;Asfaltata;Assente;Sereno;Normale;Buona;Ore Diurne;0;0;0;2;;;-1;2;Autovettura privata;In marcia / fermata / arresto;Conducente;M;Illeso;0;;Utilizzato;Inesistente
1702348;1;19/11/2006 19:00;Strada Urbana;VIA MONTERONE;all'intersezione con;CORSO VITTORIO EMANUELE II;CORSO VITTORIO EMANUELE II;;;Ribaltamento senza urto contro ostacolo fisso;Intersezione stradale segnalata;Una carreggiata a senso unico di marcia;Asciutto;Lastricata;Verticale ed orizzontale;Sereno;Normale;Sufficiente;Sufficiente;0;0;0;1;;;-1;1;Autovettura privata;In marcia / fermata / arresto;Conducente;M;Illeso;0;;Non accertato;Inesploso
1702350;1;20/11/2006 00:15;Strada Urbana;VIALE AVENTINO;all'intersezione semaforizzata con;PIAZZA DI PORTA CAPENA;PIAZZA DI PORTA CAPENA;;;Veicolo in marcia contro ostacolo accidentale;Intersezione semaforizzata;Una carreggiata a doppio senso;Viscido da liquidi oleosi;Acciotolata;Verticale ed orizzontale;Sereno;Scarso;Sufficiente;Sufficiente;2;0;0;1;;;-1;1;Autovettura pubblica;In marcia / fermata / arresto;Conducente;M;Illeso;0;;Non accertato;Inesistente
1702350;1;20/11/2006 00:15;Strada Urbana;VIALE AVENTINO;all'intersezione semaforizzata con;PIAZZA DI PORTA CAPENA;PIAZZA DI PORTA CAPENA;;;Veicolo in marcia contro ostacolo accidentale;Intersezione semaforizzata;Una carreggiata a doppio senso;Viscido da liquidi oleosi;Acciotolata;Verticale ed orizzontale;Sereno;Scarso;Sufficiente;Sufficiente;2;0;0;1;;;-1;2;Motociclo a solo;In marcia / fermata / arresto;Conducente;M;Rimandato;0;NON DECEDUTO;Utilizzato;Inesistente
1702350;1;20/11/2006 00:15;Strada Urbana;VIALE AVENTINO;all'intersezione semaforizzata con;PIAZZA DI PORTA CAPENA;PIAZZA DI PORTA CAPENA;;;Veicolo in marcia contro ostacolo accidentale;Intersezione semaforizzata;Una carreggiata a doppio senso;Viscido da liquidi oleosi;Acciotolata;Verticale ed orizzontale;Sereno;Scarso;Sufficiente;Sufficiente;2;0;0;1;;;-1;2;Motociclo a solo;In marcia / fermata / arresto;Passeggero;F;Rimandato;0;NON DECEDUTO;Non accertato;Inesistente
1702351;1;20/11/2006 02:00;Strada Urbana;PONTE PALATINO;all'intersezione con;LUNGOTEVERE DEGLI ALBERTESCHI;LUNGOTEVERE DEGLI ALBERTESCHI;;;Veicolo in marcia contro ostacolo fisso;Incrocio;Una carreggiata a senso unico di marcia;Asciutto;Asfaltata;Verticale ed orizzontale;Nuvoloso;Scarso;Sufficiente;Sufficiente;0;1;0;0;;;-1;1;Autovettura privata;In marcia / fermata / arresto;Conducente;M;Prognosi riservata;0;NON DECEDUTO;Non accertato;Inesistente
1702352;1;20/11/2006 04:15;Strada Urbana;VIA DELL'AMBA ARADAM;da specificare;;;;corrispondenza fermata ATAC n°70597;Veicolo in marcia contro ostacolo fisso;Rettilineo;Una carreggiata a senso unico di marcia;Asciutto;Asfaltata;Verticale ed orizzontale;Nuvoloso;Scarso;Sufficiente;Sufficiente;1;0;0;0;;;-1;1;Motociclo a solo;In marcia / fermata / arresto;Conducente;M;Rimandato;0;NON DECEDUTO;Utilizzato;Inesistente
1702353;1;20/11/2006 08:10;Strada Urbana;LUNGOTEVERE TOR DI NONA;all'intersezione semaforizzata con;PIAZZA DI PONTE UMBERTO I;PIAZZA DI PONTE UMBERTO I;;;Scontro laterale fra veicoli in marcia;Intersezione semaforizzata;Una carreggiata a senso unico di marcia;Asciutto;Asfaltata;Verticale ed orizzontale;Nuvoloso;Normale;Buona;Ore Diurne;0;0;0;2;;;-1;1;Autovettura privata;In marcia / fermata / arresto;Conducente;F;Illeso;0;;Non accertato;Inesploso
1702353;1;20/11/2006 08:10;Strada Urbana;LUNGOTEVERE TOR DI NONA;all'intersezione semaforizzata con;PIAZZA DI PONTE UMBERTO I;PIAZZA DI PONTE UMBERTO I;;;Scontro laterale fra veicoli in marcia;Intersezione semaforizzata;Una carreggiata a senso unico di marcia;Asciutto;Asfaltata;Verticale ed orizzontale;Nuvoloso;Normale;Buona;Ore Diurne;0;0;0;2;;;-1;2;Autovettura privata;In marcia / fermata / arresto;Conducente;M;Illeso;0;;Non accertato;Inesploso
1702354;2;17/11/2006 11:00;Strada Urbana;VIALE TIZIANO;all'intersezione con;VIALE XVII OLIMPIADE;VIALE XVII OLIMPIADE;;;Veicolo in marcia contro ostacolo fisso;Incrocio;Due carreggiate;Asciutto;Asfaltata;Verticale ed orizzontale;Sereno;Normale;Buona;Ore Diurne;0;0;0;1;;;-1;1;Autocarro inferiore 35 q.;In marcia / fermata / arresto;Conducente;M;Illeso;0;;Non accertato;Inesistente
1702355;2;18/11/2006 05:10;Strada Urbana;LUNGOTEVERE ARNALDO DA BRESCIA;da specificare;;;;SOTTOVIA POCO PRIMA RAMPA USCITA LGT. DELLE NAVI;Veicolo in marcia contro ostacolo fisso;Curva a visuale libera;Una carreggiata a senso unico di marcia;Asciutto;Asfaltata;Orizzontale;Nuvoloso;Scarso;Buona;Sufficiente;1;0;0;0;;;-1;1;Autovettura privata;In marcia / fermata / arresto;Conducente;M;Rimandato;0;NON DECEDUTO;Non accertato;Inesistente
1702356;2;18/11/2006 18:10;Strada Urbana;VIALE BRUNO BUOZZI;all'intersezione con;VIALE DELLE BELLE ARTI;VIALE DELLE BELLE ARTI;;;Infortunio per sola frenata improvvisa;Incrocio;Una carreggiata a doppio senso;Sdrucciolevole (sabbia);Asfaltata;Orizzontale;Nebbia;Normale;Sufficiente;Insufficiente;1;0;0;0;;;-1;1;Ciclomotore;In marcia / fermata / arresto;Conducente;F;Rifiuta cure immediate;0;NON DECEDUTO;Non accertato;Inesistente
1702357;2;19/11/2006 00:10;Strada Urbana;VIA TRIPOLI;all'intersezione con;VIA TRIPOLITANIA;VIA TRIPOLITANIA;;;Scontro frontale/laterale DX fra veicoli in marcia;Incrocio;Una carreggiata a doppio senso;Asciutto;Asfaltata;Verticale ed orizzontale;Sereno;Scarso;Buona;Sufficiente;2;0;0;5;;;-1;1;Autovettura privata;In marcia / fermata / arresto;Conducente;M;Illeso;0;;Non accertato;Inesistente
1702357;2;19/11/2006 00:10;Strada Urbana;VIA TRIPOLI;all'intersezione con;VIA TRIPOLITANIA;VIA TRIPOLITANIA;;;Scontro frontale/laterale DX fra veicoli in marcia;Incrocio;Una carreggiata a doppio senso;Asciutto;Asfaltata;Verticale ed orizzontale;Sereno;Scarso;Buona;Sufficiente;2;0;0;5;;;-1;1;Autovettura privata;In marcia / fermata / arresto;Passeggero;F;Illeso;0;;Non accertato;Inesistente
1702357;2;19/11/2006 00:10;Strada Urbana;VIA TRIPOLI;all'intersezione con;VIA TRIPOLITANIA;VIA TRIPOLITANIA;;;Scontro frontale/laterale DX fra veicoli in marcia;Incrocio;Una carreggiata a doppio senso;Asciutto;Asfaltata;Verticale ed orizzontale;Sereno;Scarso;Buona;Sufficiente;2;0;0;5;;;-1;1;Autovettura privata;In marcia / fermata / arresto;Passeggero;M;Rimandato;0;NON DECEDUTO;Non accertato;Inesistente
1702357;2;19/11/2006 00:10;Strada Urbana;VIA TRIPOLI;all'intersezione con;VIA TRIPOLITANIA;VIA TRIPOLITANIA;;;Scontro frontale/laterale DX fra veicoli in marcia;Incrocio;Una carreggiata a doppio senso;Asciutto;Asfaltata;Verticale ed orizzontale;Sereno;Scarso;Buona;Sufficiente;2;0;0;5;;;-1;1;Autovettura privata;In marcia / fermata / arresto;Passeggero;F;Rimandato;0;NON DECEDUTO;Non accertato;Inesistente
1702357;2;19/11/2006 00:10;Strada Urbana;VIA TRIPOLI;all'intersezione con;VIA TRIPOLITANIA;VIA TRIPOLITANIA;;;Scontro frontale/laterale DX fra veicoli in marcia;Incrocio;Una carreggiata a doppio senso;Asciutto;Asfaltata;Verticale ed orizzontale;Sereno;Scarso;Buona;Sufficiente;2;0;0;5;;;-1;2;Autovettura privata;In marcia / fermata / arresto;Conducente;M;Illeso;0;;Non accertato;Inesistente
1702357;2;19/11/2006 00:10;Strada Urbana;VIA TRIPOLI;all'intersezione con;VIA TRIPOLITANIA;VIA TRIPOLITANIA;;;Scontro frontale/laterale DX fra veicoli in marcia;Incrocio;Una carreggiata a doppio senso;Asciutto;Asfaltata;Verticale ed orizzontale;Sereno;Scarso;Buona;Sufficiente;2;0;0;5;;;-1;2;Autovettura privata;In marcia / fermata / arresto;Passeggero;M;Illeso;0;;Non accertato;Inesistente
1702357;2;19/11/2006 00:10;Strada Urbana;VIA TRIPOLI;all'intersezione con;VIA TRIPOLITANIA;VIA TRIPOLITANIA;;;Scontro frontale/laterale DX fra veicoli in marcia;Incrocio;Una carreggiata a doppio senso;Asciutto;Asfaltata;Verticale ed orizzontale;Sereno;Scarso;Buona;Sufficiente;2;0;0;5;;;-1;2;Autovettura privata;In marcia / fermata / arresto;Passeggero;M;Illeso;0;;Non accertato;Inesistente
1702358;2;19/11/2006 18:30;Strada Urbana;CORSO DI FRANCIA;all'intersezione con;VIA SASSI DI S. GIULIANO;VIA SASSI DI S. GIULIANO;;;Tamponamento;Incrocio;Due carreggiate;Asciutto;Asfaltata;Verticale ed orizzontale;Sereno;Normale;Buona;Sufficiente;2;0;0;0;;;-1;1;Motociclo a solo;In marcia / fermata / arresto;Conducente;M;Ricoverato;0;NON DECEDUTO;Non accertato;Inesistente
1702358;2;19/11/2006 18:30;Strada Urbana;CORSO DI FRANCIA;all'intersezione con;VIA SASSI DI S. GIULIANO;VIA SASSI DI S. GIULIANO;;;Tamponamento;Incrocio;Due carreggiate;Asciutto;Asfaltata;Verticale ed orizzontale;Sereno;Normale;Buona;Sufficiente;2;0;0;0;;;-1;2;Motociclo a solo;In marcia / fermata / arresto;Conducente;M;Rimandato;0;NON DECEDUTO;Non accertato;Inesistente
1702359;2;19/11/2006 03:30;Strada Urbana;VIA DELLE ISOLE;in prossimità;;del civico n. ;13;;Veicolo in marcia contro ostacolo fisso;Curva a visuale libera;Una carreggiata a senso unico di marcia;Bagnato (umidità in atto);Asfaltata;Orizzontale;Sereno;Scarso;Sufficiente;Sufficiente;0;0;0;1;;;-1;1;Autovettura privata;In marcia / fermata / arresto;Conducente;M;Illeso;0;;Non accertato;Inesistente
1702360;2;20/11/2006 07:45;Strada Urbana;VIA DEL SACRO CUORE DI MARIA;in prossimità;;del civico n. ;1;;Scontro laterale fra veicoli in marcia;Rettilineo;Una carreggiata a senso unico di marcia;Bagnato (umidità in atto);Asfaltata;Verticale ed orizzontale;Sereno;Normale;Buona;Ore Diurne;0;0;0;2;;;-1;1;Autovettura privata;In marcia / fermata / arresto;Conducente;M;Illeso;0;;Non accertato;Inesploso
1702360;2;20/11/2006 07:45;Strada Urbana;VIA DEL SACRO CUORE DI MARIA;in prossimità;;del civico n. ;1;;Scontro laterale fra veicoli in marcia;Rettilineo;Una carreggiata a senso unico di marcia;Bagnato (umidità in atto);Asfaltata;Verticale ed orizzontale;Sereno;Normale;Buona;Ore Diurne;0;0;0;2;;;-1;2;Autovettura privata;In marcia / fermata / arresto;Conducente;F;Illeso;0;;Non accertato;Inesploso
1702361;2;20/11/2006 07:45;Strada Urbana;CIRCONVALLAZIONE SALARIA;da specificare;;;;Altezza svincolo Via Salaria dir.S Giovanni;Veicolo in marcia contro ostacolo accidentale;Rettilineo;Più di due carreggiate;Bagnato (umidità in atto);Asfaltata;Verticale ed orizzontale;Nuvoloso;Normale;Buona;Ore Diurne;0;0;0;1;;;-1;1;Autocarro superiore 35 q.;In marcia / fermata / arresto;Conducente;F;Illeso;0;;Non accertato;Inesistente
1702362;2;20/11/2006 10:20;Strada Urbana;VIA ELEONORA DUSE;all'intersezione con;VIA LUIGI BELLOTTI BON;VIA LUIGI BELLOTTI BON;;;Scontro frontale/laterale SX fra veicoli in marcia;Incrocio;Una carreggiata a senso unico di marcia;Bagnato (pioggia);Asfaltata;Verticale ed orizzontale;Pioggia in atto;Scarso;Buona;Ore Diurne;0;0;0;3;;;-1;1;Autovettura privata;In marcia / fermata / arresto;Conducente;F;Illeso;0;;Non accertato;Inesploso
1702362;2;20/11/2006 10:20;Strada Urbana;VIA ELEONORA DUSE;all'intersezione con;VIA LUIGI BELLOTTI BON;VIA LUIGI BELLOTTI BON;;;Scontro frontale/laterale SX fra veicoli in marcia;Incrocio;Una carreggiata a senso unico di marcia;Bagnato (pioggia);Asfaltata;Verticale ed orizzontale;Pioggia in atto;Scarso;Buona;Ore Diurne;0;0;0;3;;;-1;2;Autovettura di polizia;In marcia / fermata / arresto;Conducente;M;Illeso;0;;Non accertato;Inesistente
1702362;2;20/11/2006 10:20;Strada Urbana;VIA ELEONORA DUSE;all'intersezione con;VIA LUIGI BELLOTTI BON;VIA LUIGI BELLOTTI BON;;;Scontro frontale/laterale SX fra veicoli in marcia;Incrocio;Una carreggiata a senso unico di marcia;Bagnato (pioggia);Asfaltata;Verticale ed orizzontale;Pioggia in atto;Scarso;Buona;Ore Diurne;0;0;0;3;;;-1;2;Autovettura di polizia;In marcia / fermata / arresto;Passeggero;M;Illeso;0;;Non accertato;Inesistente
1702363;3;17/11/2006 08:15;Strada Urbana;PIAZZALE DELLE PROVINCIE;in prossimità;;del civico n. ;11;;Tamponamento;Rettilineo;Una carreggiata a senso unico di marcia;Asciutto;Asfaltata;Assente;Sereno;Normale;Buona;Ore Diurne;0;0;0;2;;;-1;1;Autovettura privata;In marcia / fermata / arresto;Conducente;F;Illeso;0;;Non accertato;Inesistente
1702363;3;17/11/2006 08:15;Strada Urbana;PIAZZALE DELLE PROVINCIE;in prossimità;;del civico n. ;11;;Tamponamento;Rettilineo;Una carreggiata a senso unico di marcia;Asciutto;Asfaltata;Assente;Sereno;Normale;Buona;Ore Diurne;0;0;0;2;;;-1;2;Autovettura privata;In marcia / fermata / arresto;Conducente;M;Illeso;0;;Non accertato;Inesistente
1702364;3;17/11/2006 15:30;Strada Urbana;PIAZZALE DELLA STAZIONE TIBURTINA;da specificare;;;;ingresso Stazione F.S.;Scontro laterale fra veicoli in marcia;Rettilineo;Una carreggiata a senso unico di marcia;Asciutto;Asfaltata;Verticale ed orizzontale;Sereno;Normale;Buona;Ore Diurne;0;0;0;3;;;-1;1;Autobus urbano;In marcia / fermata / arresto;Conducente;M;Illeso;0;;Non accertato;Inesploso
1702364;3;17/11/2006 15:30;Strada Urbana;PIAZZALE DELLA STAZIONE TIBURTINA;da specificare;;;;ingresso Stazione F.S.;Scontro laterale fra veicoli in marcia;Rettilineo;Una carreggiata a senso unico di marcia;Asciutto;Asfaltata;Verticale ed orizzontale;Sereno;Normale;Buona;Ore Diurne;0;0;0;3;;;-1;2;Autovettura privata;In marcia / fermata / arresto;Conducente;M;Illeso;0;;Non accertato;Inesistente
1702364;3;17/11/2006 15:30;Strada Urbana;PIAZZALE DELLA STAZIONE TIBURTINA;da specificare;;;;ingresso Stazione F.S.;Scontro laterale fra veicoli in marcia;Rettilineo;Una carreggiata a senso unico di marcia;Asciutto;Asfaltata;Verticale ed orizzontale;Sereno;Normale;Buona;Ore Diurne;0;0;0;3;;;-1;2;Autovettura privata;In marcia / fermata / arresto;Passeggero;M;Illeso;0;;Non accertato;Inesploso
1702366;3;17/11/2006 19:30;Strada Urbana;PIAZZA BOLOGNA;in prossimità;;del civico n. ;23;;Scontro laterale fra veicoli in marcia;Curva a visuale libera;Due carreggiate;Asciutto;Asfaltata;Verticale ed orizzontale;Sereno;Normale;Buona;Sufficiente;0;0;0;4;;;-1;1;Autovettura privata;In marcia / fermata / arresto;Conducente;M;Illeso;0;;Non accertato;Inesistente
1702366;3;17/11/2006 19:30;Strada Urbana;PIAZZA BOLOGNA;in prossimità;;del civico n. ;23;;Scontro laterale fra veicoli in marcia;Curva a visuale libera;Due carreggiate;Asciutto;Asfaltata;Verticale ed orizzontale;Sereno;Normale;Buona;Sufficiente;0;0;0;4;;;-1;1;Autovettura privata;In marcia / fermata / arresto;Passeggero;F;Illeso;0;;Non accertato;Inesistente
1702366;3;17/11/2006 19:30;Strada Urbana;PIAZZA BOLOGNA;in prossimità;;del civico n. ;23;;Scontro laterale fra veicoli in marcia;Curva a visuale libera;Due carreggiate;Asciutto;Asfaltata;Verticale ed orizzontale;Sereno;Normale;Buona;Sufficiente;0;0;0;4;;;-1;2;Autovettura privata;In marcia / fermata / arresto;Conducente;M;Illeso;0;;Non accertato;Inesistente
1702366;3;17/11/2006 19:30;Strada Urbana;PIAZZA BOLOGNA;in prossimità;;del civico n. ;23;;Scontro laterale fra veicoli in marcia;Curva a visuale libera;Due carreggiate;Asciutto;Asfaltata;Verticale ed orizzontale;Sereno;Normale;Buona;Sufficiente;0;0;0;4;;;-1;2;Autovettura privata;In marcia / fermata / arresto;Passeggero;F;Illeso;0;;Non accertato;Inesistente
1702368;3;19/11/2006 00:30;Strada Urbana;VIA TIBURTINA;all'intersezione semaforizzata con;VIA DI PORTONACCIO;VIA DI PORTONACCIO;;;Tamponamento;Incrocio;Due carreggiate;Asciutto;Asfaltata;Verticale ed orizzontale;Sereno;Normale;Buona;Insufficiente;1;0;0;0;;;-1;1;Autovettura privata;In marcia / fermata / arresto;Conducente;M;Rifiuta cure immediate;0;NON DECEDUTO;Non accertato;Inesistente
1702369;3;19/11/2006 23:05;Strada Urbana;VIA DEI RAMNI;all'intersezione con;VIA DEI DAUNI;VIA DEI DAUNI;;;Scontro frontale/laterale SX fra veicoli in marcia;Incrocio;Due carreggiate;Asciutto;Asfaltata;Orizzontale;Sereno;Normale;Insufficiente;Sufficiente;0;0;0;3;;;-1;1;Autovettura privata;In marcia / fermata / arresto;Conducente;F;Illeso;0;;Non accertato;Inesistente
1702369;3;19/11/2006 23:05;Strada Urbana;VIA DEI RAMNI;all'intersezione con;VIA DEI DAUNI;VIA DEI DAUNI;;;Scontro frontale/laterale SX fra veicoli in marcia;Incrocio;Due carreggiate;Asciutto;Asfaltata;Orizzontale;Sereno;Normale;Insufficiente;Sufficiente;0;0;0;3;;;-1;1;Autovettura privata;In marcia / fermata / arresto;Passeggero;F;Illeso;0;;Non accertato;Inesistente
1702369;3;19/11/2006 23:05;Strada Urbana;VIA DEI RAMNI;all'intersezione con;VIA DEI DAUNI;VIA DEI DAUNI;;;Scontro frontale/laterale SX fra veicoli in marcia;Incrocio;Due carreggiate;Asciutto;Asfaltata;Orizzontale;Sereno;Normale;Insufficiente;Sufficiente;0;0;0;3;;;-1;2;Autovettura privata;In marcia / fermata / arresto;Conducente;M;Illeso;0;;Non accertato;Inesistente
1702370;3;20/11/2006 01:00;Strada Urbana;VIA DEGLI EQUI;all'intersezione con;VIA DEI VOLSCI;VIA DEI VOLSCI;;;Scontro frontale/laterale DX fra veicoli in marcia;Incrocio;Una carreggiata a senso unico di marcia;Asciutto;Asfaltata;Verticale;Nuvoloso;Normale;Sufficiente;Sufficiente;0;0;0;2;;;0;1;Autovettura privata;In marcia / fermata / arresto;Conducente;M;Illeso;0;;Non accertato;Inesistente
1702370;3;20/11/2006 01:00;Strada Urbana;VIA DEGLI EQUI;all'intersezione con;VIA DEI VOLSCI;VIA DEI VOLSCI;;;Scontro frontale/laterale DX fra veicoli in marcia;Incrocio;Una carreggiata a senso unico di marcia;Asciutto;Asfaltata;Verticale;Nuvoloso;Normale;Sufficiente;Sufficiente;0;0;0;2;;;0;2;Autovettura privata;In marcia / fermata / arresto;Conducente;M;Illeso;0;;Non accertato;Inesistente
1702371;3;20/11/2006 06:50;Strada Urbana;Tang Est dir San Giovanni;da specificare;;;;rampa di uscita Scalo San Lorenzo;Infortunio per caduta del veicolo;Rettilineo;Una carreggiata a senso unico di marcia;Viscido da liquidi oleosi;Asfaltata;Verticale ed orizzontale;Nuvoloso;Normale;Buona;Ore Diurne;0;0;0;1;;;-1;1;Motociclo a solo;In marcia / fermata / arresto;Conducente;M;Illeso;0;;Non accertato;Inesistente