Protocollo;Gruppo;DataOraIncidente;Localizzazione1;STRADA1;Localizzazione2;STRADA2;Strada02;Chilometrica;DaSpecificare;NaturaIncidente;particolaritastrade;TipoStrada;FondoStradale;Pavimentazione;Segnaletica;CondizioneAtmosferica;Traffico;Visibilita;Illuminazione;NUM_FERITI;NUM_RISERVATA;NUM_MORTI;NUM_ILLESI;Longitudine;Latitudine;Confermato;Progressivo;TipoVeicolo;StatoVeicolo;TipoPersona;Sesso;Tipolesione;Deceduto;DecedutoDopo;CinturaCascoUtilizzato;Airbag
1715343;17;29/11/2006 08:20;Strada Urbana;VIALE ANGELICO;all'intersezione semaforizzata con;VIALE GIUSEPPE MAZZINI;VIALE GIUSEPPE MAZZINI;;;Scontro frontale/laterale DX fra veicoli in marcia;Intersezione semaforizzata;Più di due carreggiate;Asciutto;Asfaltata;Verticale ed orizzontale;Sereno;Normale;Buona;Ore Diurne;1;0;0;1;;;-1;2;Motociclo a solo;In marcia / fermata / arresto;Conducente;M;Rimandato;0;NON DECEDUTO;Non accertato;Inesistente
1715344;17;29/11/2006 09:10;Strada Urbana;VIA DELLA CONCILIAZIONE;in corrispondenza;;del civico n. ;24;;Investimento di pedone;Rettilineo;Più di due carreggiate;Asciutto;Acciotolata;Verticale ed orizzontale;Sereno;Scarso;Buona;Ore Diurne;0;0;0;2;;;-1;;;;Pedone sconosciuto;M;Illeso;0;;;
1715344;17;29/11/2006 09:10;Strada Urbana;VIA DELLA CONCILIAZIONE;in corrispondenza;;del civico n. ;24;;Investimento di pedone;Rettilineo;Più di due carreggiate;Asciutto;Acciotolata;Verticale ed orizzontale;Sereno;Scarso;Buona;Ore Diurne;0;0;0;2;;;-1;1;Motociclo a solo;In marcia / fermata / arresto;Conducente;M;Illeso;0;;Non accertato;Inesistente
1715345;17;29/11/2006 21:45;Strada Urbana;VIALE GIUSEPPE MAZZINI;all'intersezione con;VIA PODGORA;VIA PODGORA;;;Scontro frontale/laterale SX fra veicoli in marcia;Incrocio;Una carreggiata a senso unico di marcia;Asciutto;Asfaltata;Orizzontale;Sereno;Normale;Sufficiente;Sufficiente;2;0;0;1;;;-1;1;Autovettura privata;In marcia / fermata / arresto;Conducente;M;Illeso;0;;Utilizzato;Inesploso
1715345;17;29/11/2006 21:45;Strada Urbana;VIALE GIUSEPPE MAZZINI;all'intersezione con;VIA PODGORA;VIA PODGORA;;;Scontro frontale/laterale SX fra veicoli in marcia;Incrocio;Una carreggiata a senso unico di marcia;Asciutto;Asfaltata;Orizzontale;Sereno;Normale;Sufficiente;Sufficiente;2;0;0;1;;;-1;2;Autovettura pubblica;In marcia / fermata / arresto;Conducente;M;Rimandato;0;NON DECEDUTO;Non accertato;Inesploso
1715345;17;29/11/2006 21:45;Strada Urbana;VIALE GIUSEPPE MAZZINI;all'intersezione con;VIA PODGORA;VIA PODGORA;;;Scontro frontale/laterale SX fra veicoli in marcia;Incrocio;Una carreggiata a senso unico di marcia;Asciutto;Asfaltata;Orizzontale;Sereno;Normale;Sufficiente;Sufficiente;2;0;0;1;;;-1;2;Autovettura pubblica;In marcia / fermata / arresto;Passeggero;F;Rimandato;0;NON DECEDUTO;Non accertato;Inesistente
1715346;17;30/11/2006 19:30;Strada Urbana;PIAZZALE MARESCIALLO GIARDINO;in prossimità;;del civico n. ;1;;Scontro frontale fra veicoli in marcia;Rettilineo;Più di due carreggiate;Asciutto;Asfaltata;Orizzontale;Sereno;Normale;Sufficiente;Sufficiente;2;0;0;0;;;-1;1;Motociclo a solo;In marcia / fermata / arresto;Conducente;M;Rimandato;0;NON DECEDUTO;Non accertato;Inesistente
1715346;17;30/11/2006 19:30;Strada Urbana;PIAZZALE MARESCIALLO GIARDINO;in prossimità;;del civico n. ;1;;Scontro frontale fra veicoli in marcia;Rettilineo;Più di due carreggiate;Asciutto;Asfaltata;Orizzontale;Sereno;Normale;Sufficiente;Sufficiente;2;0;0;0;;;-1;2;Motociclo a solo;In marcia / fermata / arresto;Conducente;M;Rimandato;0;NON DECEDUTO;Non accertato;Inesistente
1715375;18;11/11/2006 06:05;Strada Urbana;VIA DI TORREVECCHIA;all'intersezione semaforizzata con;VIA BENEDETTO ALOISI MASELLA;VIA BENEDETTO ALOISI MASELLA;;;Scontro frontale/laterale SX fra veicoli in marcia;Intersezione semaforizzata;Due carreggiate;Asciutto;Asfaltata;Verticale ed orizzontale;Sereno;Normale;Buona;Sufficiente;2;0;0;0;;;-1;1;Autovettura privata;In marcia / fermata / arresto;Conducente;M;Rimandato;0;NON DECEDUTO;Non accertato;Inesploso
1715375;18;11/11/2006 06:05;Strada Urbana;VIA DI TORREVECCHIA;all'intersezione semaforizzata con;VIA BENEDETTO ALOISI MASELLA;VIA BENEDETTO ALOISI MASELLA;;;Scontro frontale/laterale SX fra veicoli in marcia;Intersezione semaforizzata;Due carreggiate;Asciutto;Asfaltata;Verticale ed orizzontale;Sereno;Normale;Buona;Sufficiente;2;0;0;0;;;-1;2;Autocarro inferiore 35 q.;In marcia / fermata / arresto;Conducente;M;Rimandato;0;NON DECEDUTO;Non accertato;Inesistente
1715497;17;25/11/2006 15:50;Strada Urbana;PIAZZA CAVOUR;all'intersezione semaforizzata con;LUNGOTEVERE PRATI;LUNGOTEVERE PRATI;;;Scontro frontale/laterale SX fra veicoli in marcia;Intersezione semaforizzata;Una carreggiata a doppio senso;Asciutto;Asfaltata;Verticale ed orizzontale;Sereno;Normale;Buona;Ore Diurne;2;0;0;3;;;-1;1;Autovettura privata;In marcia / fermata / arresto;Conducente;F;Illeso;0;;Utilizzato;Inesploso
1715497;17;25/11/2006 15:50;Strada Urbana;PIAZZA CAVOUR;all'intersezione semaforizzata con;LUNGOTEVERE PRATI;LUNGOTEVERE PRATI;;;Scontro frontale/laterale SX fra veicoli in marcia;Intersezione semaforizzata;Una carreggiata a doppio senso;Asciutto;Asfaltata;Verticale ed orizzontale;Sereno;Normale;Buona;Ore Diurne;2;0;0;3;;;-1;1;Autovettura privata;In marcia / fermata / arresto;Passeggero;F;Illeso;0;;Utilizzato;Inesploso
1715497;17;25/11/2006 15:50;Strada Urbana;PIAZZA CAVOUR;all'intersezione semaforizzata con;LUNGOTEVERE PRATI;LUNGOTEVERE PRATI;;;Scontro frontale/laterale SX fra veicoli in marcia;Intersezione semaforizzata;Una carreggiata a doppio senso;Asciutto;Asfaltata;Verticale ed orizzontale;Sereno;Normale;Buona;Ore Diurne;2;0;0;3;;;-1;1;Autovettura privata;In marcia / fermata / arresto;Passeggero;F;Illeso;0;;Utilizzato;Inesistente
1715497;17;25/11/2006 15:50;Strada Urbana;PIAZZA CAVOUR;all'intersezione semaforizzata con;LUNGOTEVERE PRATI;LUNGOTEVERE PRATI;;;Scontro frontale/laterale SX fra veicoli in marcia;Intersezione semaforizzata;Una carreggiata a doppio senso;Asciutto;Asfaltata;Verticale ed orizzontale;Sereno;Normale;Buona;Ore Diurne;2;0;0;3;;;-1;2;Ciclomotore;In marcia / fermata / arresto;Conducente;F;Rimandato;0;NON DECEDUTO;Utilizzato;Inesistente
1715497;17;25/11/2006 15:50;Strada Urbana;PIAZZA CAVOUR;all'intersezione semaforizzata con;LUNGOTEVERE PRATI;LUNGOTEVERE PRATI;;;Scontro frontale/laterale SX fra veicoli in marcia;Intersezione semaforizzata;Una carreggiata a doppio senso;Asciutto;Asfaltata;Verticale ed orizzontale;Sereno;Normale;Buona;Ore Diurne;2;0;0;3;;;-1;2;Ciclomotore;In marcia / fermata / arresto;Passeggero;F;Rimandato;0;NON DECEDUTO;Non accertato;Inesistente
1715498;17;29/11/2006 12:00;Strada Urbana;VIA DEGLI SCIPIONI;in prossimità;;del civico n. ;293;;Scontro frontale fra veicoli in marcia;Rettilineo;Una carreggiata a doppio senso;Asciutto;Asfaltata;Verticale ed orizzontale;Sereno;Scarso;Buona;Ore Diurne;1;0;0;2;;;-1;1;Motociclo a solo;In marcia / fermata / arresto;Conducente;M;Rimandato;0;NON DECEDUTO;Non accertato;Inesistente
1715498;17;29/11/2006 12:00;Strada Urbana;VIA DEGLI SCIPIONI;in prossimità;;del civico n. ;293;;Scontro frontale fra veicoli in marcia;Rettilineo;Una carreggiata a doppio senso;Asciutto;Asfaltata;Verticale ed orizzontale;Sereno;Scarso;Buona;Ore Diurne;1;0;0;2;;;-1;2;Autovettura privata;In marcia / fermata / arresto;Conducente;M;Illeso;0;;Non accertato;Inesistente
1715498;17;29/11/2006 12:00;Strada Urbana;VIA DEGLI SCIPIONI;in prossimità;;del civico n. ;293;;Scontro frontale fra veicoli in marcia;Rettilineo;Una carreggiata a doppio senso;Asciutto;Asfaltata;Verticale ed orizzontale;Sereno;Scarso;Buona;Ore Diurne;1;0;0;2;;;-1;2;Autovettura privata;In marcia / fermata / arresto;Passeggero;M;Illeso;0;;Utilizzato;Inesistente
1715565;17;28/11/2006 00:30;Strada Urbana;PIAZZA DELLA LIBERTA';da specificare;;;;sottopasso;Scontro frontale/laterale DX fra veicoli in marcia;Sottopasso illuminato;Una carreggiata a senso unico di marcia;Asciutto;Asfaltata;Verticale ed orizzontale;Sereno;Scarso;Buona;Sufficiente;3;0;0;2;;;-1;1;Motociclo a solo;In marcia / fermata / arresto;Conducente;M;Rimandato;0;NON DECEDUTO;Non accertato;Inesistente
1715565;17;28/11/2006 00:30;Strada Urbana;PIAZZA DELLA LIBERTA';da specificare;;;;sottopasso;Scontro frontale/laterale DX fra veicoli in marcia;Sottopasso illuminato;Una carreggiata a senso unico di marcia;Asciutto;Asfaltata;Verticale ed orizzontale;Sereno;Scarso;Buona;Sufficiente;3;0;0;2;;;-1;2;Autovettura privata;In marcia / fermata / arresto;Conducente;F;Illeso;0;;Non accertato;Inesistente
1715565;17;28/11/2006 00:30;Strada Urbana;PIAZZA DELLA LIBERTA';da specificare;;;;sottopasso;Scontro frontale/laterale DX fra veicoli in marcia;Sottopasso illuminato;Una carreggiata a senso unico di marcia;Asciutto;Asfaltata;Verticale ed orizzontale;Sereno;Scarso;Buona;Sufficiente;3;0;0;2;;;-1;3;Motociclo a solo;In marcia / fermata / arresto;Conducente;M;Rimandato;0;NON DECEDUTO;Non accertato;Inesistente
1715565;17;28/11/2006 00:30;Strada Urbana;PIAZZA DELLA LIBERTA';da specificare;;;;sottopasso;Scontro frontale/laterale DX fra veicoli in marcia;Sottopasso illuminato;Una carreggiata a senso unico di marcia;Asciutto;Asfaltata;Verticale ed orizzontale;Sereno;Scarso;Buona;Sufficiente;3;0;0;2;;;-1;3;Motociclo a solo;In marcia / fermata / arresto;Passeggero;F;Ricoverato;0;NON DECEDUTO;Non accertato;Inesistente
1715565;17;28/11/2006 00:30;Strada Urbana;PIAZZA DELLA LIBERTA';da specificare;;;;sottopasso;Scontro frontale/laterale DX fra veicoli in marcia;Sottopasso illuminato;Una carreggiata a senso unico di marcia;Asciutto;Asfaltata;Verticale ed orizzontale;Sereno;Scarso;Buona;Sufficiente;3;0;0;2;;;-1;4;Motociclo a solo;In marcia / fermata / arresto;Conducente;M;Illeso;0;;Non accertato;Inesistente
1716105;18;07/11/2006 11:45;Strada Urbana;VIA AURELIA;in prossimità;;del civico n. ;269;;Scontro frontale/laterale SX fra veicoli in marcia;Rettilineo;Una carreggiata a doppio senso;Asciutto;Asfaltata;Verticale ed orizzontale;Sereno;Intenso;Buona;Ore Diurne;1;0;0;2;;;-1;1;Autovettura privata;In marcia / fermata / arresto;Conducente;M;Illeso;0;;Non accertato;Inesploso
1716105;18;07/11/2006 11:45;Strada Urbana;VIA AURELIA;in prossimità;;del civico n. ;269;;Scontro frontale/laterale SX fra veicoli in marcia;Rettilineo;Una carreggiata a doppio senso;Asciutto;Asfaltata;Verticale ed orizzontale;Sereno;Intenso;Buona;Ore Diurne;1;0;0;2;;;-1;1;Autovettura privata;In marcia / fermata / arresto;Passeggero;F;Illeso;0;;Non accertato;Inesploso
1716105;18;07/11/2006 11:45;Strada Urbana;VIA AURELIA;in prossimità;;del civico n. ;269;;Scontro frontale/laterale SX fra veicoli in marcia;Rettilineo;Una carreggiata a doppio senso;Asciutto;Asfaltata;Verticale ed orizzontale;Sereno;Intenso;Buona;Ore Diurne;1;0;0;2;;;-1;2;Motociclo a solo;In marcia / fermata / arresto;Conducente;M;Rimandato;0;NON DECEDUTO;Non accertato;Inesistente
1716106;18;30/11/2006 18:45;Strada Urbana;VIA CORNELIA;all'intersezione con;VIA ALESSANDRO NERONI;VIA ALESSANDRO NERONI;;;Scontro laterale fra veicoli in marcia;Incrocio;Una carreggiata a doppio senso;Asciutto;Asfaltata;Verticale ed orizzontale;Sereno;Normale;Buona;Sufficiente;1;0;0;1;;;-1;1;Autovettura privata;In marcia / fermata / arresto;Conducente;M;Illeso;0;;Non accertato;Inesploso
1716106;18;30/11/2006 18:45;Strada Urbana;VIA CORNELIA;all'intersezione con;VIA ALESSANDRO NERONI;VIA ALESSANDRO NERONI;;;Scontro laterale fra veicoli in marcia;Incrocio;Una carreggiata a doppio senso;Asciutto;Asfaltata;Verticale ed orizzontale;Sereno;Normale;Buona;Sufficiente;1;0;0;1;;;-1;2;Motociclo a solo;In marcia / fermata / arresto;Conducente;M;Rimandato;0;NON DECEDUTO;Non accertato;Inesistente
1716144;5;16/11/2006 18:45;Strada Urbana;VIA DI PIETRALATA;in prossimità;;del civico n. ;313 A;;Investimento di pedone;Rettilineo;Una carreggiata a doppio senso;Asciutto;Asfaltata;Verticale ed orizzontale;Sereno;Normale;Buona;Sufficiente;1;0;0;1;;;-1;;;;Pedone;F;Illeso;0;;;
1716144;5;16/11/2006 18:45;Strada Urbana;VIA DI PIETRALATA;in prossimità;;del civico n. ;313 A;;Investimento di pedone;Rettilineo;Una carreggiata a doppio senso;Asciutto;Asfaltata;Verticale ed orizzontale;Sereno;Normale;Buona;Sufficiente;1;0;0;1;;;-1;1;Motociclo a solo;In marcia / fermata / arresto;Conducente;M;Rimandato;0;NON DECEDUTO;Non accertato;Inesistente
1716145;5;18/11/2006 02:45;Strada Urbana;VIA TANCREDI CARTELLA;all'intersezione con;VIA UGO PESCI;VIA UGO PESCI;;;Scontro frontale/laterale SX fra veicoli in marcia;Incrocio;Una carreggiata a doppio senso;Asciutto;Asfaltata;Assente;Nuvoloso;Scarso;Sufficiente;Sufficiente;1;0;0;1;;;-1;1;Motociclo a solo;In marcia / fermata / arresto;Conducente;M;Rimandato;0;NON DECEDUTO;Non accertato;Inesistente
1716145;5;18/11/2006 02:45;Strada Urbana;VIA TANCREDI CARTELLA;all'intersezione con;VIA UGO PESCI;VIA UGO PESCI;;;Scontro frontale/laterale SX fra veicoli in marcia;Incrocio;Una carreggiata a doppio senso;Asciutto;Asfaltata;Assente;Nuvoloso;Scarso;Sufficiente;Sufficiente;1;0;0;1;;;-1;2;Autovettura privata;In marcia / fermata / arresto;Conducente;F;Illeso;0;;Non accertato;Inesistente
1716146;5;18/11/2006 14:20;Strada Urbana;VIA TIBURTINA;all'intersezione con;VIA FURIO CICOGNA;VIA FURIO CICOGNA;;;Tamponamento;Intersezione stradale segnalata;Una carreggiata a senso unico di marcia;Asciutto;Asfaltata;Verticale ed orizzontale;Sereno;Normale;Buona;Ore Diurne;1;0;0;1;;;-1;1;Autovettura privata;In marcia / fermata / arresto;Conducente;F;Illeso;0;;Non accertato;Inesistente
1716146;5;18/11/2006 14:20;Strada Urbana;VIA TIBURTINA;all'intersezione con;VIA FURIO CICOGNA;VIA FURIO CICOGNA;;;Tamponamento;Intersezione stradale segnalata;Una carreggiata a senso unico di marcia;Asciutto;Asfaltata;Verticale ed orizzontale;Sereno;Normale;Buona;Ore Diurne;1;0;0;1;;;-1;2;Ciclomotore;In marcia / fermata / arresto;Conducente;F;Rimandato;0;NON DECEDUTO;Non accertato;Inesistente
1716532;5;29/11/2006 20:45;Statale entro l'abitato;VIA TIBURTINA;in prossimità;;del civico n. ;1325;;Tamponamento;Rettilineo;Una carreggiata a doppio senso;Asciutto;Asfaltata;Verticale ed orizzontale;Sereno;Normale;Sufficiente;Sufficiente;1;0;0;1;;;-1;1;Autovettura privata;In marcia / fermata / arresto;Conducente;F;Illeso;0;;Non accertato;Inesistente
1716532;5;29/11/2006 20:45;Statale entro l'abitato;VIA TIBURTINA;in prossimità;;del civico n. ;1325;;Tamponamento;Rettilineo;Una carreggiata a doppio senso;Asciutto;Asfaltata;Verticale ed orizzontale;Sereno;Normale;Sufficiente;Sufficiente;1;0;0;1;;;-1;2;Motociclo a solo;In marcia / fermata / arresto;Conducente;M;Rimandato;0;NON DECEDUTO;Non accertato;Inesistente
1717951;5;19/11/2006 06:20;Strada Urbana;VIA TIBURTINA;all'intersezione semaforizzata con;VIA VINCENZO MORELLO;VIA VINCENZO MORELLO;;;Scontro frontale/laterale SX fra veicoli in marcia;Incrocio;Più di due carreggiate;Asciutto;Asfaltata;Verticale ed orizzontale;Sereno;Scarso;Buona;Sufficiente;0;0;1;1;;;-1;1;Autovettura privata;In marcia / fermata / arresto;Conducente;M;Illeso;0;;Non accertato;Inesistente
1717951;5;19/11/2006 06:20;Strada Urbana;VIA TIBURTINA;all'intersezione semaforizzata con;VIA VINCENZO MORELLO;VIA VINCENZO MORELLO;;;Scontro frontale/laterale SX fra veicoli in marcia;Incrocio;Più di due carreggiate;Asciutto;Asfaltata;Verticale ed orizzontale;Sereno;Scarso;Buona;Sufficiente;0;0;1;1;;;-1;2;Motociclo a solo;In marcia / fermata / arresto;Conducente;M;Deceduto durante trasporto;-1;;Utilizzato;Inesistente
1717952;5;30/11/2006 16:45;Strada Urbana;VIA DEL CASALE DI S. BASILIO;all'intersezione con;VIA ARCEVIA;VIA ARCEVIA;;;Scontro laterale fra veicoli in marcia;Incrocio;Una carreggiata a doppio senso;Asciutto;Asfaltata;Verticale ed orizzontale;Sereno;Intenso;Buona;Sufficiente;2;0;0;2;;;-1;1;Autovettura privata;In marcia / fermata / arresto;Conducente;M;Illeso;0;;Non accertato;Inesistente
1717952;5;30/11/2006 16:45;Strada Urbana;VIA DEL CASALE DI S. BASILIO;all'intersezione con;VIA ARCEVIA;VIA ARCEVIA;;;Scontro laterale fra veicoli in marcia;Incrocio;Una carreggiata a doppio senso;Asciutto;Asfaltata;Verticale ed orizzontale;Sereno;Intenso;Buona;Sufficiente;2;0;0;2;;;-1;2;Motociclo a solo;In marcia / fermata / arresto;Conducente;M;Illeso;0;;Non accertato;Inesistente
1717952;5;30/11/2006 16:45;Strada Urbana;VIA DEL CASALE DI S. BASILIO;all'intersezione con;VIA ARCEVIA;VIA ARCEVIA;;;Scontro laterale fra veicoli in marcia;Incrocio;Una carreggiata a doppio senso;Asciutto;Asfaltata;Verticale ed orizzontale;Sereno;Intenso;Buona;Sufficiente;2;0;0;2;;;-1;3;Ciclomotore;In marcia / fermata / arresto;Conducente;M;Rimandato;0;NON DECEDUTO;Non accertato;Inesistente
1717952;5;30/11/2006 16:45;Strada Urbana;VIA DEL CASALE DI S. BASILIO;all'intersezione con;VIA ARCEVIA;VIA ARCEVIA;;;Scontro laterale fra veicoli in marcia;Incrocio;Una carreggiata a doppio senso;Asciutto;Asfaltata;Verticale ed orizzontale;Sereno;Intenso;Buona;Sufficiente;2;0;0;2;;;-1;3;Ciclomotore;In marcia / fermata / arresto;Passeggero;M;Rimandato;0;NON DECEDUTO;Non accertato;Inesistente
1718044;18;17/11/2006 14:30;Strada Urbana;VIA DI BOCCEA;in corrispondenza;;del civico n. ;539;;Scontro frontale/laterale SX fra veicoli in marcia;Rettilineo;Una carreggiata a doppio senso;Asciutto;Asfaltata;Orizzontale;Sereno;Normale;Buona;Ore Diurne;2;0;0;1;;;-1;1;Autovettura privata;In marcia / fermata / arresto;Conducente;M;Illeso;0;;Non accertato;Inesistente
1718044;18;17/11/2006 14:30;Strada Urbana;VIA DI BOCCEA;in corrispondenza;;del civico n. ;539;;Scontro frontale/laterale SX fra veicoli in marcia;Rettilineo;Una carreggiata a doppio senso;Asciutto;Asfaltata;Orizzontale;Sereno;Normale;Buona;Ore Diurne;2;0;0;1;;;-1;2;Motociclo con passeggero;In marcia / fermata / arresto;Conducente;M;Rimandato;0;NON DECEDUTO;Non accertato;Inesistente
1718044;18;17/11/2006 14:30;Strada Urbana;VIA DI BOCCEA;in corrispondenza;;del civico n. ;539;;Scontro frontale/laterale SX fra veicoli in marcia;Rettilineo;Una carreggiata a doppio senso;Asciutto;Asfaltata;Orizzontale;Sereno;Normale;Buona;Ore Diurne;2;0;0;1;;;-1;2;Motociclo con passeggero;In marcia / fermata / arresto;Passeggero;F;Ricoverato;0;NON DECEDUTO;Non accertato;Inesistente
1718289;18;14/11/2006 17:55;Strada Urbana;VIA ANASTASIO II;in corrispondenza;;del civico n. ;30;;Scontro laterale fra veicoli in marcia;Rettilineo;Due carreggiate;Asciutto;Asfaltata;Verticale ed orizzontale;Sereno;Normale;Buona;Sufficiente;1;0;0;1;;;-1;1;Autovettura privata;In marcia / fermata / arresto;Conducente;M;Illeso;0;;Non accertato;Inesploso
1718289;18;14/11/2006 17:55;Strada Urbana;VIA ANASTASIO II;in corrispondenza;;del civico n. ;30;;Scontro laterale fra veicoli in marcia;Rettilineo;Due carreggiate;Asciutto;Asfaltata;Verticale ed orizzontale;Sereno;Normale;Buona;Sufficiente;1;0;0;1;;;-1;2;Motociclo a solo;In marcia / fermata / arresto;Conducente;M;Rimandato;0;NON DECEDUTO;Non accertato;Inesistente
1718290;18;25/11/2006 02:00;Strada Urbana;VIA DI BOCCEA;all'intersezione con;VIA GREGORIO XI;VIA GREGORIO XI;;;Scontro frontale/laterale DX fra veicoli in marcia;Intersezione stradale segnalata;Una carreggiata a doppio senso;Asciutto;Asfaltata;Verticale ed orizzontale;Nuvoloso;Scarso;Sufficiente;Sufficiente;0;0;0;3;;;-1;1;Autovettura privata;In marcia / fermata / arresto;Conducente;M;Illeso;0;;Non accertato;Inesistente
1718290;18;25/11/2006 02:00;Strada Urbana;VIA DI BOCCEA;all'intersezione con;VIA GREGORIO XI;VIA GREGORIO XI;;;Scontro frontale/laterale DX fra veicoli in marcia;Intersezione stradale segnalata;Una carreggiata a doppio senso;Asciutto;Asfaltata;Verticale ed orizzontale;Nuvoloso;Scarso;Sufficiente;Sufficiente;0;0;0;3;;;-1;2;Autovettura privata;In marcia / fermata / arresto;Conducente;M;Illeso;0;;Non accertato;Inesistente
1718290;18;25/11/2006 02:00;Strada Urbana;VIA DI BOCCEA;all'intersezione con;VIA GREGORIO XI;VIA GREGORIO XI;;;Scontro frontale/laterale DX fra veicoli in marcia;Intersezione stradale segnalata;Una carreggiata a doppio senso;Asciutto;Asfaltata;Verticale ed orizzontale;Nuvoloso;Scarso;Sufficiente;Sufficiente;0;0;0;3;;;-1;2;Autovettura privata;In marcia / fermata / arresto;Passeggero;M;Illeso;0;;Non accertato;Inesistente
1718334;5;26/11/2006 23:45;Strada Urbana;VIA TIBURTINA;da specificare;;;;in corrisp. rampa di accessa GRA -direz. Nomentana;Scontro frontale/laterale DX fra veicoli in marcia;Curva a visuale libera;Una carreggiata a doppio senso;Bagnato (umidità in atto);Asfaltata;Verticale ed orizzontale;Sereno;Scarso;Buona;Sufficiente;1;0;0;1;;;-1;1;Motociclo con passeggero;In marcia / fermata / arresto;Conducente;M;Rimandato;0;NON DECEDUTO;Non accertato;Inesistente
1718334;5;26/11/2006 23:45;Strada Urbana;VIA TIBURTINA;da specificare;;;;in corrisp. rampa di accessa GRA -direz. Nomentana;Scontro frontale/laterale DX fra veicoli in marcia;Curva a visuale libera;Una carreggiata a doppio senso;Bagnato (umidità in atto);Asfaltata;Verticale ed orizzontale;Sereno;Scarso;Buona;Sufficiente;1;0;0;1;;;-1;2;Autovettura privata;In marcia / fermata / arresto;Conducente;M;Illeso;0;;Non accertato;Inesistente
1718458;5;17/11/2006 08:15;Strada Urbana;VIALE PALMIRO TOGLIATTI;da specificare;;;;in prossimità di VIA DEGLI ALBERINI;Scontro frontale/laterale SX fra veicoli in marcia;Rettilineo;Due carreggiate;Asciutto;Asfaltata;Verticale ed orizzontale;Sereno;Normale;Buona;Ore Diurne;1;0;0;1;;;-1;1;Autovettura privata;In marcia / fermata / arresto;Conducente;M;Illeso;0;;Non accertato;Inesistente
1718458;5;17/11/2006 08:15;Strada Urbana;VIALE PALMIRO TOGLIATTI;da specificare;;;;in prossimità di VIA DEGLI ALBERINI;Scontro frontale/laterale SX fra veicoli in marcia;Rettilineo;Due carreggiate;Asciutto;Asfaltata;Verticale ed orizzontale;Sereno;Normale;Buona;Ore Diurne;1;0;0;1;;;-1;2;Motociclo a solo;In marcia / fermata / arresto;Conducente;M;Rimandato;0;NON DECEDUTO;Non accertato;Inesistente
1718625;18;01/11/2006 08:00;Strada Urbana;VIA SUOR MARIA AGOSTINA;all'intersezione con;VIA ENRICO BONDI;VIA ENRICO BONDI;;;Scontro frontale fra veicoli in marcia;Intersezione stradale segnalata;Una carreggiata a doppio senso;Bagnato (pioggia);Asfaltata;Orizzontale;Nuvoloso;Scarso;Buona;Ore Diurne;0;0;0;2;;;-1;1;Autovettura privata;In marcia / fermata / arresto;Conducente;M;Illeso;0;;Non accertato;Inesistente
1718625;18;01/11/2006 08:00;Strada Urbana;VIA SUOR MARIA AGOSTINA;all'intersezione con;VIA ENRICO BONDI;VIA ENRICO BONDI;;;Scontro frontale fra veicoli in marcia;Intersezione stradale segnalata;Una carreggiata a doppio senso;Bagnato (pioggia);Asfaltata;Orizzontale;Nuvoloso;Scarso;Buona;Ore Diurne;0;0;0;2;;;-1;2;Autovettura privata;In marcia / fermata / arresto;Conducente;M;Illeso;0;;Non accertato;Inesistente
1718626;18;01/11/2006 11:40;Strada Urbana;VIA AURELIA;all'intersezione con;VIA BENEDETTO XIV;VIA BENEDETTO XIV;;;Tamponamento;Intersezione stradale segnalata;Una carreggiata a doppio senso;Asciutto;Asfaltata;Orizzontale;Nuvoloso;Scarso;Buona;Ore Diurne;0;0;0;2;;;-1;1;Autovettura privata;In marcia / fermata / arresto;Conducente;M;Illeso;0;;Non accertato;Inesistente
1718626;18;01/11/2006 11:40;Strada Urbana;VIA AURELIA;all'intersezione con;VIA BENEDETTO XIV;VIA BENEDETTO XIV;;;Tamponamento;Intersezione stradale segnalata;Una carreggiata a doppio senso;Asciutto;Asfaltata;Orizzontale;Nuvoloso;Scarso;Buona;Ore Diurne;0;0;0;2;;;-1;2;Autovettura privata;In marcia / fermata / arresto;Conducente;M;Illeso;0;;Non accertato;Inesistente
1718627;18;04/11/2006 18:15;Statale entro l'abitato;VIA AURELIA;all'intersezione semaforizzata con;VIA NICOLA COVIELLO;VIA NICOLA COVIELLO;;;Scontro frontale/laterale SX fra veicoli in marcia;Intersezione semaforizzata;Più di due carreggiate;Asciutto;Asfaltata;Verticale ed orizzontale;Sereno;Normale;Buona;Sufficiente;0;0;0;2;;;-1;1;Autovettura privata;In marcia / fermata / arresto;Conducente;M;Illeso;0;;Non accertato;Inesistente
1718627;18;04/11/2006 18:15;Statale entro l'abitato;VIA AURELIA;all'intersezione semaforizzata con;VIA NICOLA COVIELLO;VIA NICOLA COVIELLO;;;Scontro frontale/laterale SX fra veicoli in marcia;Intersezione semaforizzata;Più di due carreggiate;Asciutto;Asfaltata;Verticale ed orizzontale;Sereno;Normale;Buona;Sufficiente;0;0;0;2;;;-1;2;Autovettura privata;In marcia / fermata / arresto;Conducente;M;Illeso;0;;Non accertato;Inesistente